ISO-10303-21;
HEADER;
/* Generated by software containing ST-Developer
 * from STEP Tools, Inc. (www.steptools.com) 
 */

FILE_DESCRIPTION(
/* description */ (''),
/* implementation_level */ '2;1');

FILE_NAME(
/* name */ '',
/* time_stamp */ '2025-11-29T23:33:39+08:00',
/* author */ (''),
/* organization */ (''),
/* preprocessor_version */ 'ST-DEVELOPER v20.1',
/* originating_system */ 'Autodesk Translation Framework v14.21.0.0',
/* authorisation */ '');

FILE_SCHEMA (('AUTOMOTIVE_DESIGN { 1 0 10303 214 3 1 1 }'));
ENDSEC;

DATA;
#10=MECHANICAL_DESIGN_GEOMETRIC_PRESENTATION_REPRESENTATION('',(#20,#21),
#3001);
#11=CONTEXT_DEPENDENT_OVER_RIDING_STYLED_ITEM('',(#3032),#3012,#21,(#15));
#12=MAPPED_ITEM('',#13,#1941);
#13=REPRESENTATION_MAP(#1941,#3011);
#14=ITEM_DEFINED_TRANSFORMATION($,$,#1744,#1940);
#15=(
REPRESENTATION_RELATIONSHIP($,$,#3012,#3011)
REPRESENTATION_RELATIONSHIP_WITH_TRANSFORMATION(#14)
SHAPE_REPRESENTATION_RELATIONSHIP()
);
#16=CONTEXT_DEPENDENT_SHAPE_REPRESENTATION(#15,#3010);
#17=NEXT_ASSEMBLY_USAGE_OCCURRENCE('\X2\5B9E5FC35E955EA7\X0\:1',
'\X2\5B9E5FC35E955EA7\X0\:1','\X2\5B9E5FC35E955EA7\X0\:1',#3014,#3015,
'\X2\5B9E5FC35E955EA7\X0\:1');
#18=SHAPE_REPRESENTATION_RELATIONSHIP('SRR','None',#3012,#19);
#19=ADVANCED_BREP_SHAPE_REPRESENTATION('',(#22),#3000);
#20=STYLED_ITEM('',(#3032),#22);
#21=STYLED_ITEM('',(#3040),#12);
#22=MANIFOLD_SOLID_BREP('\X2\5B9E5FC35E955EA7\X0\',#1730);
#23=ELLIPSE('',#1798,2.11156995606268,2.10000255490616);
#24=ELLIPSE('',#1805,2.11156995606268,2.10000255490616);
#25=ELLIPSE('',#1808,2.11156995606268,2.10000255490616);
#26=ELLIPSE('',#1813,2.11156995606268,2.10000255490616);
#27=ELLIPSE('',#1922,5.88222343544658,5.85);
#28=ELLIPSE('',#1931,5.88222343544658,5.85);
#29=ELLIPSE('',#1936,5.88222343544659,5.85000000000002);
#30=ELLIPSE('',#1938,5.88222343544658,5.85);
#31=FACE_BOUND('',#191,.T.);
#32=FACE_BOUND('',#201,.T.);
#33=FACE_BOUND('',#203,.T.);
#34=FACE_BOUND('',#207,.T.);
#35=FACE_BOUND('',#210,.T.);
#36=FACE_BOUND('',#213,.T.);
#37=FACE_BOUND('',#216,.T.);
#38=FACE_BOUND('',#219,.T.);
#39=FACE_BOUND('',#222,.T.);
#40=FACE_BOUND('',#261,.T.);
#41=FACE_BOUND('',#262,.T.);
#42=FACE_BOUND('',#283,.T.);
#43=FACE_BOUND('',#289,.T.);
#44=FACE_BOUND('',#290,.T.);
#45=FACE_BOUND('',#291,.T.);
#46=FACE_BOUND('',#292,.T.);
#47=PLANE('',#1748);
#48=PLANE('',#1766);
#49=PLANE('',#1770);
#50=PLANE('',#1787);
#51=PLANE('',#1791);
#52=PLANE('',#1799);
#53=PLANE('',#1801);
#54=PLANE('',#1809);
#55=PLANE('',#1814);
#56=PLANE('',#1819);
#57=PLANE('',#1823);
#58=PLANE('',#1827);
#59=PLANE('',#1831);
#60=PLANE('',#1841);
#61=PLANE('',#1842);
#62=PLANE('',#1857);
#63=PLANE('',#1862);
#64=PLANE('',#1865);
#65=PLANE('',#1866);
#66=PLANE('',#1869);
#67=PLANE('',#1871);
#68=PLANE('',#1873);
#69=PLANE('',#1875);
#70=PLANE('',#1877);
#71=PLANE('',#1883);
#72=PLANE('',#1895);
#73=PLANE('',#1898);
#74=PLANE('',#1903);
#75=PLANE('',#1909);
#76=PLANE('',#1911);
#77=PLANE('',#1914);
#78=PLANE('',#1917);
#79=PLANE('',#1919);
#80=PLANE('',#1920);
#81=PLANE('',#1923);
#82=PLANE('',#1924);
#83=PLANE('',#1925);
#84=PLANE('',#1926);
#85=PLANE('',#1927);
#86=PLANE('',#1928);
#87=PLANE('',#1932);
#88=PLANE('',#1933);
#89=PLANE('',#1934);
#90=PLANE('',#1939);
#91=FACE_OUTER_BOUND('',#184,.T.);
#92=FACE_OUTER_BOUND('',#185,.T.);
#93=FACE_OUTER_BOUND('',#186,.T.);
#94=FACE_OUTER_BOUND('',#187,.T.);
#95=FACE_OUTER_BOUND('',#188,.T.);
#96=FACE_OUTER_BOUND('',#189,.T.);
#97=FACE_OUTER_BOUND('',#190,.T.);
#98=FACE_OUTER_BOUND('',#192,.T.);
#99=FACE_OUTER_BOUND('',#193,.T.);
#100=FACE_OUTER_BOUND('',#194,.T.);
#101=FACE_OUTER_BOUND('',#195,.T.);
#102=FACE_OUTER_BOUND('',#196,.T.);
#103=FACE_OUTER_BOUND('',#197,.T.);
#104=FACE_OUTER_BOUND('',#198,.T.);
#105=FACE_OUTER_BOUND('',#199,.T.);
#106=FACE_OUTER_BOUND('',#200,.T.);
#107=FACE_OUTER_BOUND('',#202,.T.);
#108=FACE_OUTER_BOUND('',#204,.T.);
#109=FACE_OUTER_BOUND('',#205,.T.);
#110=FACE_OUTER_BOUND('',#206,.T.);
#111=FACE_OUTER_BOUND('',#208,.T.);
#112=FACE_OUTER_BOUND('',#209,.T.);
#113=FACE_OUTER_BOUND('',#211,.T.);
#114=FACE_OUTER_BOUND('',#212,.T.);
#115=FACE_OUTER_BOUND('',#214,.T.);
#116=FACE_OUTER_BOUND('',#215,.T.);
#117=FACE_OUTER_BOUND('',#217,.T.);
#118=FACE_OUTER_BOUND('',#218,.T.);
#119=FACE_OUTER_BOUND('',#220,.T.);
#120=FACE_OUTER_BOUND('',#221,.T.);
#121=FACE_OUTER_BOUND('',#223,.T.);
#122=FACE_OUTER_BOUND('',#224,.T.);
#123=FACE_OUTER_BOUND('',#225,.T.);
#124=FACE_OUTER_BOUND('',#226,.T.);
#125=FACE_OUTER_BOUND('',#227,.T.);
#126=FACE_OUTER_BOUND('',#228,.T.);
#127=FACE_OUTER_BOUND('',#229,.T.);
#128=FACE_OUTER_BOUND('',#230,.T.);
#129=FACE_OUTER_BOUND('',#231,.T.);
#130=FACE_OUTER_BOUND('',#232,.T.);
#131=FACE_OUTER_BOUND('',#233,.T.);
#132=FACE_OUTER_BOUND('',#234,.T.);
#133=FACE_OUTER_BOUND('',#235,.T.);
#134=FACE_OUTER_BOUND('',#236,.T.);
#135=FACE_OUTER_BOUND('',#237,.T.);
#136=FACE_OUTER_BOUND('',#238,.T.);
#137=FACE_OUTER_BOUND('',#239,.T.);
#138=FACE_OUTER_BOUND('',#240,.T.);
#139=FACE_OUTER_BOUND('',#241,.T.);
#140=FACE_OUTER_BOUND('',#242,.T.);
#141=FACE_OUTER_BOUND('',#243,.T.);
#142=FACE_OUTER_BOUND('',#244,.T.);
#143=FACE_OUTER_BOUND('',#245,.T.);
#144=FACE_OUTER_BOUND('',#246,.T.);
#145=FACE_OUTER_BOUND('',#247,.T.);
#146=FACE_OUTER_BOUND('',#248,.T.);
#147=FACE_OUTER_BOUND('',#249,.T.);
#148=FACE_OUTER_BOUND('',#250,.T.);
#149=FACE_OUTER_BOUND('',#251,.T.);
#150=FACE_OUTER_BOUND('',#252,.T.);
#151=FACE_OUTER_BOUND('',#253,.T.);
#152=FACE_OUTER_BOUND('',#254,.T.);
#153=FACE_OUTER_BOUND('',#255,.T.);
#154=FACE_OUTER_BOUND('',#256,.T.);
#155=FACE_OUTER_BOUND('',#257,.T.);
#156=FACE_OUTER_BOUND('',#258,.T.);
#157=FACE_OUTER_BOUND('',#259,.T.);
#158=FACE_OUTER_BOUND('',#260,.T.);
#159=FACE_OUTER_BOUND('',#263,.T.);
#160=FACE_OUTER_BOUND('',#264,.T.);
#161=FACE_OUTER_BOUND('',#265,.T.);
#162=FACE_OUTER_BOUND('',#266,.T.);
#163=FACE_OUTER_BOUND('',#267,.T.);
#164=FACE_OUTER_BOUND('',#268,.T.);
#165=FACE_OUTER_BOUND('',#269,.T.);
#166=FACE_OUTER_BOUND('',#270,.T.);
#167=FACE_OUTER_BOUND('',#271,.T.);
#168=FACE_OUTER_BOUND('',#272,.T.);
#169=FACE_OUTER_BOUND('',#273,.T.);
#170=FACE_OUTER_BOUND('',#274,.T.);
#171=FACE_OUTER_BOUND('',#275,.T.);
#172=FACE_OUTER_BOUND('',#276,.T.);
#173=FACE_OUTER_BOUND('',#277,.T.);
#174=FACE_OUTER_BOUND('',#278,.T.);
#175=FACE_OUTER_BOUND('',#279,.T.);
#176=FACE_OUTER_BOUND('',#280,.T.);
#177=FACE_OUTER_BOUND('',#281,.T.);
#178=FACE_OUTER_BOUND('',#282,.T.);
#179=FACE_OUTER_BOUND('',#284,.T.);
#180=FACE_OUTER_BOUND('',#285,.T.);
#181=FACE_OUTER_BOUND('',#286,.T.);
#182=FACE_OUTER_BOUND('',#287,.T.);
#183=FACE_OUTER_BOUND('',#288,.T.);
#184=EDGE_LOOP('',(#1092,#1093,#1094,#1095));
#185=EDGE_LOOP('',(#1096,#1097,#1098,#1099,#1100,#1101,#1102,#1103,#1104,
#1105,#1106,#1107,#1108,#1109,#1110,#1111,#1112,#1113,#1114,#1115,#1116,
#1117,#1118,#1119,#1120,#1121,#1122));
#186=EDGE_LOOP('',(#1123,#1124,#1125,#1126));
#187=EDGE_LOOP('',(#1127,#1128,#1129,#1130));
#188=EDGE_LOOP('',(#1131,#1132,#1133,#1134));
#189=EDGE_LOOP('',(#1135,#1136,#1137,#1138));
#190=EDGE_LOOP('',(#1139,#1140,#1141,#1142,#1143,#1144,#1145,#1146,#1147,
#1148,#1149,#1150,#1151,#1152,#1153));
#191=EDGE_LOOP('',(#1154));
#192=EDGE_LOOP('',(#1155,#1156,#1157,#1158,#1159,#1160));
#193=EDGE_LOOP('',(#1161,#1162,#1163,#1164));
#194=EDGE_LOOP('',(#1165,#1166,#1167,#1168));
#195=EDGE_LOOP('',(#1169,#1170,#1171,#1172,#1173,#1174,#1175,#1176,#1177,
#1178));
#196=EDGE_LOOP('',(#1179,#1180,#1181,#1182));
#197=EDGE_LOOP('',(#1183,#1184,#1185,#1186));
#198=EDGE_LOOP('',(#1187,#1188,#1189,#1190));
#199=EDGE_LOOP('',(#1191,#1192,#1193,#1194));
#200=EDGE_LOOP('',(#1195));
#201=EDGE_LOOP('',(#1196));
#202=EDGE_LOOP('',(#1197));
#203=EDGE_LOOP('',(#1198));
#204=EDGE_LOOP('',(#1199,#1200,#1201,#1202));
#205=EDGE_LOOP('',(#1203,#1204,#1205,#1206));
#206=EDGE_LOOP('',(#1207));
#207=EDGE_LOOP('',(#1208));
#208=EDGE_LOOP('',(#1209,#1210,#1211,#1212));
#209=EDGE_LOOP('',(#1213));
#210=EDGE_LOOP('',(#1214));
#211=EDGE_LOOP('',(#1215,#1216,#1217,#1218));
#212=EDGE_LOOP('',(#1219));
#213=EDGE_LOOP('',(#1220));
#214=EDGE_LOOP('',(#1221,#1222,#1223,#1224));
#215=EDGE_LOOP('',(#1225));
#216=EDGE_LOOP('',(#1226));
#217=EDGE_LOOP('',(#1227,#1228,#1229,#1230));
#218=EDGE_LOOP('',(#1231));
#219=EDGE_LOOP('',(#1232));
#220=EDGE_LOOP('',(#1233,#1234,#1235,#1236));
#221=EDGE_LOOP('',(#1237));
#222=EDGE_LOOP('',(#1238));
#223=EDGE_LOOP('',(#1239,#1240,#1241,#1242));
#224=EDGE_LOOP('',(#1243,#1244,#1245,#1246));
#225=EDGE_LOOP('',(#1247,#1248,#1249,#1250));
#226=EDGE_LOOP('',(#1251,#1252,#1253,#1254));
#227=EDGE_LOOP('',(#1255,#1256,#1257,#1258));
#228=EDGE_LOOP('',(#1259,#1260,#1261,#1262,#1263,#1264));
#229=EDGE_LOOP('',(#1265,#1266,#1267,#1268,#1269,#1270,#1271,#1272,#1273,
#1274,#1275,#1276,#1277,#1278,#1279,#1280,#1281,#1282,#1283,#1284,#1285,
#1286,#1287,#1288,#1289,#1290,#1291,#1292,#1293));
#230=EDGE_LOOP('',(#1294,#1295,#1296,#1297));
#231=EDGE_LOOP('',(#1298,#1299,#1300,#1301));
#232=EDGE_LOOP('',(#1302,#1303,#1304,#1305));
#233=EDGE_LOOP('',(#1306,#1307,#1308,#1309));
#234=EDGE_LOOP('',(#1310,#1311,#1312,#1313));
#235=EDGE_LOOP('',(#1314,#1315,#1316,#1317));
#236=EDGE_LOOP('',(#1318,#1319,#1320,#1321));
#237=EDGE_LOOP('',(#1322,#1323,#1324,#1325));
#238=EDGE_LOOP('',(#1326,#1327,#1328,#1329));
#239=EDGE_LOOP('',(#1330,#1331,#1332,#1333,#1334,#1335,#1336));
#240=EDGE_LOOP('',(#1337,#1338,#1339,#1340));
#241=EDGE_LOOP('',(#1341,#1342,#1343,#1344));
#242=EDGE_LOOP('',(#1345,#1346,#1347,#1348));
#243=EDGE_LOOP('',(#1349,#1350,#1351,#1352));
#244=EDGE_LOOP('',(#1353,#1354,#1355,#1356));
#245=EDGE_LOOP('',(#1357,#1358,#1359,#1360));
#246=EDGE_LOOP('',(#1361,#1362,#1363,#1364));
#247=EDGE_LOOP('',(#1365,#1366,#1367,#1368,#1369,#1370));
#248=EDGE_LOOP('',(#1371,#1372,#1373,#1374));
#249=EDGE_LOOP('',(#1375,#1376,#1377,#1378));
#250=EDGE_LOOP('',(#1379,#1380,#1381,#1382,#1383,#1384,#1385,#1386,#1387,
#1388,#1389,#1390,#1391,#1392));
#251=EDGE_LOOP('',(#1393,#1394,#1395,#1396));
#252=EDGE_LOOP('',(#1397,#1398,#1399,#1400));
#253=EDGE_LOOP('',(#1401,#1402,#1403,#1404));
#254=EDGE_LOOP('',(#1405,#1406,#1407,#1408));
#255=EDGE_LOOP('',(#1409,#1410,#1411,#1412));
#256=EDGE_LOOP('',(#1413,#1414,#1415,#1416));
#257=EDGE_LOOP('',(#1417,#1418,#1419,#1420));
#258=EDGE_LOOP('',(#1421,#1422,#1423,#1424));
#259=EDGE_LOOP('',(#1425,#1426,#1427,#1428));
#260=EDGE_LOOP('',(#1429,#1430,#1431,#1432,#1433,#1434,#1435,#1436,#1437,
#1438,#1439,#1440,#1441,#1442,#1443));
#261=EDGE_LOOP('',(#1444));
#262=EDGE_LOOP('',(#1445));
#263=EDGE_LOOP('',(#1446,#1447,#1448,#1449));
#264=EDGE_LOOP('',(#1450,#1451,#1452,#1453,#1454,#1455));
#265=EDGE_LOOP('',(#1456,#1457,#1458,#1459));
#266=EDGE_LOOP('',(#1460,#1461,#1462,#1463));
#267=EDGE_LOOP('',(#1464,#1465,#1466,#1467));
#268=EDGE_LOOP('',(#1468,#1469,#1470,#1471,#1472,#1473,#1474,#1475,#1476));
#269=EDGE_LOOP('',(#1477,#1478,#1479,#1480));
#270=EDGE_LOOP('',(#1481,#1482,#1483,#1484,#1485,#1486));
#271=EDGE_LOOP('',(#1487,#1488,#1489,#1490));
#272=EDGE_LOOP('',(#1491,#1492,#1493,#1494));
#273=EDGE_LOOP('',(#1495,#1496,#1497,#1498));
#274=EDGE_LOOP('',(#1499,#1500,#1501,#1502,#1503,#1504));
#275=EDGE_LOOP('',(#1505,#1506,#1507,#1508,#1509,#1510,#1511,#1512,#1513,
#1514));
#276=EDGE_LOOP('',(#1515,#1516,#1517,#1518));
#277=EDGE_LOOP('',(#1519,#1520,#1521,#1522,#1523,#1524,#1525,#1526));
#278=EDGE_LOOP('',(#1527,#1528,#1529,#1530));
#279=EDGE_LOOP('',(#1531,#1532,#1533,#1534));
#280=EDGE_LOOP('',(#1535,#1536,#1537,#1538));
#281=EDGE_LOOP('',(#1539,#1540,#1541,#1542,#1543,#1544));
#282=EDGE_LOOP('',(#1545,#1546,#1547,#1548,#1549,#1550,#1551,#1552));
#283=EDGE_LOOP('',(#1553));
#284=EDGE_LOOP('',(#1554,#1555,#1556,#1557));
#285=EDGE_LOOP('',(#1558,#1559,#1560,#1561,#1562,#1563,#1564,#1565));
#286=EDGE_LOOP('',(#1566,#1567,#1568,#1569,#1570,#1571));
#287=EDGE_LOOP('',(#1572,#1573,#1574,#1575));
#288=EDGE_LOOP('',(#1576,#1577,#1578,#1579,#1580,#1581,#1582,#1583));
#289=EDGE_LOOP('',(#1584));
#290=EDGE_LOOP('',(#1585));
#291=EDGE_LOOP('',(#1586));
#292=EDGE_LOOP('',(#1587));
#293=LINE('',#2493,#439);
#294=LINE('',#2496,#440);
#295=LINE('',#2503,#441);
#296=LINE('',#2509,#442);
#297=LINE('',#2513,#443);
#298=LINE('',#2517,#444);
#299=LINE('',#2521,#445);
#300=LINE('',#2525,#446);
#301=LINE('',#2531,#447);
#302=LINE('',#2533,#448);
#303=LINE('',#2535,#449);
#304=LINE('',#2539,#450);
#305=LINE('',#2543,#451);
#306=LINE('',#2545,#452);
#307=LINE('',#2548,#453);
#308=LINE('',#2552,#454);
#309=LINE('',#2556,#455);
#310=LINE('',#2559,#456);
#311=LINE('',#2560,#457);
#312=LINE('',#2566,#458);
#313=LINE('',#2569,#459);
#314=LINE('',#2578,#460);
#315=LINE('',#2582,#461);
#316=LINE('',#2584,#462);
#317=LINE('',#2588,#463);
#318=LINE('',#2592,#464);
#319=LINE('',#2596,#465);
#320=LINE('',#2604,#466);
#321=LINE('',#2607,#467);
#322=LINE('',#2611,#468);
#323=LINE('',#2615,#469);
#324=LINE('',#2620,#470);
#325=LINE('',#2624,#471);
#326=LINE('',#2626,#472);
#327=LINE('',#2629,#473);
#328=LINE('',#2631,#474);
#329=LINE('',#2635,#475);
#330=LINE('',#2638,#476);
#331=LINE('',#2644,#477);
#332=LINE('',#2656,#478);
#333=LINE('',#2662,#479);
#334=LINE('',#2671,#480);
#335=LINE('',#2680,#481);
#336=LINE('',#2687,#482);
#337=LINE('',#2694,#483);
#338=LINE('',#2701,#484);
#339=LINE('',#2707,#485);
#340=LINE('',#2711,#486);
#341=LINE('',#2713,#487);
#342=LINE('',#2717,#488);
#343=LINE('',#2722,#489);
#344=LINE('',#2723,#490);
#345=LINE('',#2726,#491);
#346=LINE('',#2728,#492);
#347=LINE('',#2730,#493);
#348=LINE('',#2731,#494);
#349=LINE('',#2734,#495);
#350=LINE('',#2738,#496);
#351=LINE('',#2742,#497);
#352=LINE('',#2746,#498);
#353=LINE('',#2750,#499);
#354=LINE('',#2754,#500);
#355=LINE('',#2758,#501);
#356=LINE('',#2764,#502);
#357=LINE('',#2768,#503);
#358=LINE('',#2774,#504);
#359=LINE('',#2776,#505);
#360=LINE('',#2781,#506);
#361=LINE('',#2782,#507);
#362=LINE('',#2785,#508);
#363=LINE('',#2786,#509);
#364=LINE('',#2790,#510);
#365=LINE('',#2795,#511);
#366=LINE('',#2796,#512);
#367=LINE('',#2799,#513);
#368=LINE('',#2800,#514);
#369=LINE('',#2804,#515);
#370=LINE('',#2807,#516);
#371=LINE('',#2808,#517);
#372=LINE('',#2811,#518);
#373=LINE('',#2812,#519);
#374=LINE('',#2815,#520);
#375=LINE('',#2818,#521);
#376=LINE('',#2820,#522);
#377=LINE('',#2821,#523);
#378=LINE('',#2822,#524);
#379=LINE('',#2824,#525);
#380=LINE('',#2826,#526);
#381=LINE('',#2828,#527);
#382=LINE('',#2830,#528);
#383=LINE('',#2832,#529);
#384=LINE('',#2834,#530);
#385=LINE('',#2836,#531);
#386=LINE('',#2839,#532);
#387=LINE('',#2841,#533);
#388=LINE('',#2842,#534);
#389=LINE('',#2845,#535);
#390=LINE('',#2852,#536);
#391=LINE('',#2855,#537);
#392=LINE('',#2862,#538);
#393=LINE('',#2866,#539);
#394=LINE('',#2868,#540);
#395=LINE('',#2873,#541);
#396=LINE('',#2875,#542);
#397=LINE('',#2877,#543);
#398=LINE('',#2882,#544);
#399=LINE('',#2886,#545);
#400=LINE('',#2888,#546);
#401=LINE('',#2890,#547);
#402=LINE('',#2893,#548);
#403=LINE('',#2897,#549);
#404=LINE('',#2898,#550);
#405=LINE('',#2900,#551);
#406=LINE('',#2902,#552);
#407=LINE('',#2907,#553);
#408=LINE('',#2911,#554);
#409=LINE('',#2915,#555);
#410=LINE('',#2917,#556);
#411=LINE('',#2922,#557);
#412=LINE('',#2923,#558);
#413=LINE('',#2926,#559);
#414=LINE('',#2928,#560);
#415=LINE('',#2929,#561);
#416=LINE('',#2935,#562);
#417=LINE('',#2937,#563);
#418=LINE('',#2939,#564);
#419=LINE('',#2942,#565);
#420=LINE('',#2944,#566);
#421=LINE('',#2945,#567);
#422=LINE('',#2949,#568);
#423=LINE('',#2951,#569);
#424=LINE('',#2954,#570);
#425=LINE('',#2957,#571);
#426=LINE('',#2958,#572);
#427=LINE('',#2962,#573);
#428=LINE('',#2964,#574);
#429=LINE('',#2965,#575);
#430=LINE('',#2968,#576);
#431=LINE('',#2969,#577);
#432=LINE('',#2972,#578);
#433=LINE('',#2977,#579);
#434=LINE('',#2980,#580);
#435=LINE('',#2983,#581);
#436=LINE('',#2984,#582);
#437=LINE('',#2987,#583);
#438=LINE('',#2988,#584);
#439=VECTOR('',#1950,10.);
#440=VECTOR('',#1953,10.);
#441=VECTOR('',#1960,10.);
#442=VECTOR('',#1965,10.);
#443=VECTOR('',#1968,10.);
#444=VECTOR('',#1971,10.);
#445=VECTOR('',#1974,10.);
#446=VECTOR('',#1977,10.);
#447=VECTOR('',#1982,10.);
#448=VECTOR('',#1983,10.);
#449=VECTOR('',#1984,10.);
#450=VECTOR('',#1987,10.);
#451=VECTOR('',#1990,10.);
#452=VECTOR('',#1991,10.);
#453=VECTOR('',#1994,10.);
#454=VECTOR('',#1999,10.);
#455=VECTOR('',#2004,10.);
#456=VECTOR('',#2007,10.);
#457=VECTOR('',#2008,3.);
#458=VECTOR('',#2013,10.);
#459=VECTOR('',#2016,10.);
#460=VECTOR('',#2025,10.);
#461=VECTOR('',#2028,10.);
#462=VECTOR('',#2029,10.);
#463=VECTOR('',#2032,10.);
#464=VECTOR('',#2035,10.);
#465=VECTOR('',#2038,10.);
#466=VECTOR('',#2047,10.);
#467=VECTOR('',#2050,10.);
#468=VECTOR('',#2055,10.);
#469=VECTOR('',#2060,10.);
#470=VECTOR('',#2065,10.);
#471=VECTOR('',#2068,10.);
#472=VECTOR('',#2069,10.);
#473=VECTOR('',#2072,10.);
#474=VECTOR('',#2075,10.);
#475=VECTOR('',#2080,10.);
#476=VECTOR('',#2083,3.);
#477=VECTOR('',#2090,2.10000255490616);
#478=VECTOR('',#2105,2.10000255490616);
#479=VECTOR('',#2112,2.10000255490616);
#480=VECTOR('',#2123,2.10000255490616);
#481=VECTOR('',#2134,5.5);
#482=VECTOR('',#2143,5.5);
#483=VECTOR('',#2152,5.5);
#484=VECTOR('',#2161,5.5);
#485=VECTOR('',#2170,1.100002540005);
#486=VECTOR('',#2175,1.100002540005);
#487=VECTOR('',#2178,1.100002540005);
#488=VECTOR('',#2183,1.100002540005);
#489=VECTOR('',#2188,10.);
#490=VECTOR('',#2189,10.);
#491=VECTOR('',#2192,10.);
#492=VECTOR('',#2193,10.);
#493=VECTOR('',#2194,10.);
#494=VECTOR('',#2195,10.);
#495=VECTOR('',#2198,10.);
#496=VECTOR('',#2201,10.);
#497=VECTOR('',#2204,10.);
#498=VECTOR('',#2207,10.);
#499=VECTOR('',#2210,10.);
#500=VECTOR('',#2213,10.);
#501=VECTOR('',#2216,10.);
#502=VECTOR('',#2221,10.);
#503=VECTOR('',#2224,10.);
#504=VECTOR('',#2229,10.);
#505=VECTOR('',#2232,10.);
#506=VECTOR('',#2237,3.);
#507=VECTOR('',#2238,3.);
#508=VECTOR('',#2241,10.);
#509=VECTOR('',#2242,10.);
#510=VECTOR('',#2247,10.);
#511=VECTOR('',#2252,10.);
#512=VECTOR('',#2253,10.);
#513=VECTOR('',#2256,10.);
#514=VECTOR('',#2257,10.);
#515=VECTOR('',#2262,10.);
#516=VECTOR('',#2265,10.);
#517=VECTOR('',#2266,10.);
#518=VECTOR('',#2269,10.);
#519=VECTOR('',#2270,10.);
#520=VECTOR('',#2273,10.);
#521=VECTOR('',#2276,3.);
#522=VECTOR('',#2279,10.);
#523=VECTOR('',#2280,10.);
#524=VECTOR('',#2281,10.);
#525=VECTOR('',#2284,10.);
#526=VECTOR('',#2287,10.);
#527=VECTOR('',#2290,10.);
#528=VECTOR('',#2293,10.);
#529=VECTOR('',#2296,10.);
#530=VECTOR('',#2299,10.);
#531=VECTOR('',#2302,10.);
#532=VECTOR('',#2305,10.);
#533=VECTOR('',#2306,10.);
#534=VECTOR('',#2307,10.);
#535=VECTOR('',#2310,3.);
#536=VECTOR('',#2317,10.);
#537=VECTOR('',#2320,10.);
#538=VECTOR('',#2327,10.);
#539=VECTOR('',#2330,10.);
#540=VECTOR('',#2331,10.);
#541=VECTOR('',#2336,10.);
#542=VECTOR('',#2337,10.);
#543=VECTOR('',#2338,10.);
#544=VECTOR('',#2345,10.);
#545=VECTOR('',#2350,10.);
#546=VECTOR('',#2353,3.);
#547=VECTOR('',#2356,10.);
#548=VECTOR('',#2359,3.);
#549=VECTOR('',#2364,10.);
#550=VECTOR('',#2365,10.);
#551=VECTOR('',#2368,10.);
#552=VECTOR('',#2371,10.);
#553=VECTOR('',#2378,10.);
#554=VECTOR('',#2381,10.);
#555=VECTOR('',#2384,10.);
#556=VECTOR('',#2385,10.);
#557=VECTOR('',#2392,3.);
#558=VECTOR('',#2393,3.);
#559=VECTOR('',#2396,10.);
#560=VECTOR('',#2397,10.);
#561=VECTOR('',#2398,10.);
#562=VECTOR('',#2407,10.);
#563=VECTOR('',#2410,10.);
#564=VECTOR('',#2413,10.);
#565=VECTOR('',#2418,10.);
#566=VECTOR('',#2421,10.);
#567=VECTOR('',#2422,10.);
#568=VECTOR('',#2429,10.);
#569=VECTOR('',#2430,10.);
#570=VECTOR('',#2433,10.);
#571=VECTOR('',#2436,10.);
#572=VECTOR('',#2437,10.);
#573=VECTOR('',#2442,10.);
#574=VECTOR('',#2443,10.);
#575=VECTOR('',#2444,10.);
#576=VECTOR('',#2447,10.);
#577=VECTOR('',#2448,10.);
#578=VECTOR('',#2453,10.);
#579=VECTOR('',#2458,10.);
#580=VECTOR('',#2463,10.);
#581=VECTOR('',#2466,10.);
#582=VECTOR('',#2467,10.);
#583=VECTOR('',#2470,10.);
#584=VECTOR('',#2471,10.);
#585=CIRCLE('',#1746,3.);
#586=CIRCLE('',#1747,3.);
#587=CIRCLE('',#1749,3.40000255490616);
#588=CIRCLE('',#1750,3.);
#589=CIRCLE('',#1751,3.);
#590=CIRCLE('',#1752,3.);
#591=CIRCLE('',#1753,3.);
#592=CIRCLE('',#1754,3.);
#593=CIRCLE('',#1755,3.);
#594=CIRCLE('',#1756,3.);
#595=CIRCLE('',#1757,3.);
#596=CIRCLE('',#1758,3.);
#597=CIRCLE('',#1759,3.);
#598=CIRCLE('',#1760,3.);
#599=CIRCLE('',#1761,5.85000000001426);
#600=CIRCLE('',#1763,3.40000255490616);
#601=CIRCLE('',#1765,3.);
#602=CIRCLE('',#1768,3.);
#603=CIRCLE('',#1769,3.);
#604=CIRCLE('',#1771,2.);
#605=CIRCLE('',#1772,2.90000255490615);
#606=CIRCLE('',#1773,3.);
#607=CIRCLE('',#1774,5.85000000000002);
#608=CIRCLE('',#1775,3.);
#609=CIRCLE('',#1776,3.);
#610=CIRCLE('',#1777,3.);
#611=CIRCLE('',#1778,3.);
#612=CIRCLE('',#1779,1.100002540005);
#613=CIRCLE('',#1781,2.);
#614=CIRCLE('',#1782,2.);
#615=CIRCLE('',#1784,2.90000255490615);
#616=CIRCLE('',#1786,3.);
#617=CIRCLE('',#1788,3.);
#618=CIRCLE('',#1789,3.);
#619=CIRCLE('',#1790,5.85000000000002);
#620=CIRCLE('',#1793,3.);
#621=CIRCLE('',#1795,3.);
#622=CIRCLE('',#1797,2.10000255490616);
#623=CIRCLE('',#1800,1.100002540005);
#624=CIRCLE('',#1802,2.10000255490616);
#625=CIRCLE('',#1803,1.100002540005);
#626=CIRCLE('',#1807,2.10000255490616);
#627=CIRCLE('',#1810,1.100002540005);
#628=CIRCLE('',#1812,2.10000255490616);
#629=CIRCLE('',#1815,1.100002540005);
#630=CIRCLE('',#1817,5.5);
#631=CIRCLE('',#1818,5.5);
#632=CIRCLE('',#1821,5.5);
#633=CIRCLE('',#1822,5.5);
#634=CIRCLE('',#1825,5.5);
#635=CIRCLE('',#1826,5.5);
#636=CIRCLE('',#1829,5.5);
#637=CIRCLE('',#1830,5.5);
#638=CIRCLE('',#1833,1.100002540005);
#639=CIRCLE('',#1835,1.100002540005);
#640=CIRCLE('',#1838,1.100002540005);
#641=CIRCLE('',#1840,3.);
#642=CIRCLE('',#1843,3.);
#643=CIRCLE('',#1844,3.);
#644=CIRCLE('',#1845,3.);
#645=CIRCLE('',#1846,3.);
#646=CIRCLE('',#1847,3.);
#647=CIRCLE('',#1848,3.);
#648=CIRCLE('',#1849,3.);
#649=CIRCLE('',#1850,3.);
#650=CIRCLE('',#1851,3.);
#651=CIRCLE('',#1852,3.);
#652=CIRCLE('',#1853,3.);
#653=CIRCLE('',#1854,3.);
#654=CIRCLE('',#1856,3.);
#655=CIRCLE('',#1859,3.);
#656=CIRCLE('',#1861,3.);
#657=CIRCLE('',#1864,3.);
#658=CIRCLE('',#1868,3.);
#659=CIRCLE('',#1879,3.);
#660=CIRCLE('',#1881,5.);
#661=CIRCLE('',#1882,5.);
#662=CIRCLE('',#1884,3.000002540005);
#663=CIRCLE('',#1885,5.);
#664=CIRCLE('',#1886,5.85);
#665=CIRCLE('',#1887,3.);
#666=CIRCLE('',#1888,3.);
#667=CIRCLE('',#1889,3.);
#668=CIRCLE('',#1891,3.000002540005);
#669=CIRCLE('',#1893,5.);
#670=CIRCLE('',#1897,3.);
#671=CIRCLE('',#1902,3.);
#672=CIRCLE('',#1904,5.85);
#673=CIRCLE('',#1905,5.85);
#674=CIRCLE('',#1906,3.);
#675=CIRCLE('',#1907,3.);
#676=CIRCLE('',#1913,3.);
#677=CIRCLE('',#1915,3.);
#678=CIRCLE('',#1930,5.85);
#679=VERTEX_POINT('',#2489);
#680=VERTEX_POINT('',#2490);
#681=VERTEX_POINT('',#2492);
#682=VERTEX_POINT('',#2494);
#683=VERTEX_POINT('',#2498);
#684=VERTEX_POINT('',#2500);
#685=VERTEX_POINT('',#2502);
#686=VERTEX_POINT('',#2504);
#687=VERTEX_POINT('',#2506);
#688=VERTEX_POINT('',#2508);
#689=VERTEX_POINT('',#2510);
#690=VERTEX_POINT('',#2512);
#691=VERTEX_POINT('',#2514);
#692=VERTEX_POINT('',#2516);
#693=VERTEX_POINT('',#2518);
#694=VERTEX_POINT('',#2520);
#695=VERTEX_POINT('',#2522);
#696=VERTEX_POINT('',#2524);
#697=VERTEX_POINT('',#2526);
#698=VERTEX_POINT('',#2528);
#699=VERTEX_POINT('',#2530);
#700=VERTEX_POINT('',#2532);
#701=VERTEX_POINT('',#2534);
#702=VERTEX_POINT('',#2536);
#703=VERTEX_POINT('',#2538);
#704=VERTEX_POINT('',#2540);
#705=VERTEX_POINT('',#2542);
#706=VERTEX_POINT('',#2544);
#707=VERTEX_POINT('',#2546);
#708=VERTEX_POINT('',#2550);
#709=VERTEX_POINT('',#2554);
#710=VERTEX_POINT('',#2558);
#711=VERTEX_POINT('',#2562);
#712=VERTEX_POINT('',#2563);
#713=VERTEX_POINT('',#2565);
#714=VERTEX_POINT('',#2567);
#715=VERTEX_POINT('',#2571);
#716=VERTEX_POINT('',#2573);
#717=VERTEX_POINT('',#2575);
#718=VERTEX_POINT('',#2577);
#719=VERTEX_POINT('',#2579);
#720=VERTEX_POINT('',#2581);
#721=VERTEX_POINT('',#2583);
#722=VERTEX_POINT('',#2585);
#723=VERTEX_POINT('',#2587);
#724=VERTEX_POINT('',#2589);
#725=VERTEX_POINT('',#2591);
#726=VERTEX_POINT('',#2593);
#727=VERTEX_POINT('',#2595);
#728=VERTEX_POINT('',#2598);
#729=VERTEX_POINT('',#2601);
#730=VERTEX_POINT('',#2603);
#731=VERTEX_POINT('',#2605);
#732=VERTEX_POINT('',#2609);
#733=VERTEX_POINT('',#2613);
#734=VERTEX_POINT('',#2617);
#735=VERTEX_POINT('',#2619);
#736=VERTEX_POINT('',#2621);
#737=VERTEX_POINT('',#2623);
#738=VERTEX_POINT('',#2625);
#739=VERTEX_POINT('',#2627);
#740=VERTEX_POINT('',#2633);
#741=VERTEX_POINT('',#2637);
#742=VERTEX_POINT('',#2641);
#743=VERTEX_POINT('',#2643);
#744=VERTEX_POINT('',#2647);
#745=VERTEX_POINT('',#2650);
#746=VERTEX_POINT('',#2652);
#747=VERTEX_POINT('',#2655);
#748=VERTEX_POINT('',#2659);
#749=VERTEX_POINT('',#2661);
#750=VERTEX_POINT('',#2665);
#751=VERTEX_POINT('',#2668);
#752=VERTEX_POINT('',#2670);
#753=VERTEX_POINT('',#2674);
#754=VERTEX_POINT('',#2677);
#755=VERTEX_POINT('',#2679);
#756=VERTEX_POINT('',#2684);
#757=VERTEX_POINT('',#2686);
#758=VERTEX_POINT('',#2691);
#759=VERTEX_POINT('',#2693);
#760=VERTEX_POINT('',#2698);
#761=VERTEX_POINT('',#2700);
#762=VERTEX_POINT('',#2705);
#763=VERTEX_POINT('',#2709);
#764=VERTEX_POINT('',#2715);
#765=VERTEX_POINT('',#2719);
#766=VERTEX_POINT('',#2720);
#767=VERTEX_POINT('',#2725);
#768=VERTEX_POINT('',#2727);
#769=VERTEX_POINT('',#2729);
#770=VERTEX_POINT('',#2733);
#771=VERTEX_POINT('',#2735);
#772=VERTEX_POINT('',#2737);
#773=VERTEX_POINT('',#2739);
#774=VERTEX_POINT('',#2741);
#775=VERTEX_POINT('',#2743);
#776=VERTEX_POINT('',#2745);
#777=VERTEX_POINT('',#2747);
#778=VERTEX_POINT('',#2749);
#779=VERTEX_POINT('',#2751);
#780=VERTEX_POINT('',#2753);
#781=VERTEX_POINT('',#2755);
#782=VERTEX_POINT('',#2757);
#783=VERTEX_POINT('',#2759);
#784=VERTEX_POINT('',#2761);
#785=VERTEX_POINT('',#2763);
#786=VERTEX_POINT('',#2765);
#787=VERTEX_POINT('',#2767);
#788=VERTEX_POINT('',#2769);
#789=VERTEX_POINT('',#2771);
#790=VERTEX_POINT('',#2773);
#791=VERTEX_POINT('',#2778);
#792=VERTEX_POINT('',#2779);
#793=VERTEX_POINT('',#2784);
#794=VERTEX_POINT('',#2788);
#795=VERTEX_POINT('',#2792);
#796=VERTEX_POINT('',#2793);
#797=VERTEX_POINT('',#2798);
#798=VERTEX_POINT('',#2802);
#799=VERTEX_POINT('',#2806);
#800=VERTEX_POINT('',#2810);
#801=VERTEX_POINT('',#2814);
#802=VERTEX_POINT('',#2816);
#803=VERTEX_POINT('',#2838);
#804=VERTEX_POINT('',#2840);
#805=VERTEX_POINT('',#2844);
#806=VERTEX_POINT('',#2848);
#807=VERTEX_POINT('',#2849);
#808=VERTEX_POINT('',#2851);
#809=VERTEX_POINT('',#2853);
#810=VERTEX_POINT('',#2857);
#811=VERTEX_POINT('',#2859);
#812=VERTEX_POINT('',#2861);
#813=VERTEX_POINT('',#2863);
#814=VERTEX_POINT('',#2865);
#815=VERTEX_POINT('',#2867);
#816=VERTEX_POINT('',#2870);
#817=VERTEX_POINT('',#2872);
#818=VERTEX_POINT('',#2874);
#819=VERTEX_POINT('',#2876);
#820=VERTEX_POINT('',#2880);
#821=VERTEX_POINT('',#2884);
#822=VERTEX_POINT('',#2892);
#823=VERTEX_POINT('',#2896);
#824=VERTEX_POINT('',#2906);
#825=VERTEX_POINT('',#2908);
#826=VERTEX_POINT('',#2910);
#827=VERTEX_POINT('',#2912);
#828=VERTEX_POINT('',#2914);
#829=VERTEX_POINT('',#2916);
#830=VERTEX_POINT('',#2918);
#831=VERTEX_POINT('',#2925);
#832=VERTEX_POINT('',#2927);
#833=VERTEX_POINT('',#2933);
#834=VERTEX_POINT('',#2950);
#835=VERTEX_POINT('',#2952);
#836=VERTEX_POINT('',#2956);
#837=VERTEX_POINT('',#2961);
#838=VERTEX_POINT('',#2963);
#839=VERTEX_POINT('',#2967);
#840=VERTEX_POINT('',#2974);
#841=VERTEX_POINT('',#2976);
#842=VERTEX_POINT('',#2982);
#843=VERTEX_POINT('',#2986);
#844=EDGE_CURVE('',#679,#680,#585,.T.);
#845=EDGE_CURVE('',#679,#681,#293,.T.);
#846=EDGE_CURVE('',#681,#682,#586,.T.);
#847=EDGE_CURVE('',#682,#680,#294,.T.);
#848=EDGE_CURVE('',#680,#683,#587,.T.);
#849=EDGE_CURVE('',#683,#684,#588,.T.);
#850=EDGE_CURVE('',#685,#684,#295,.T.);
#851=EDGE_CURVE('',#686,#685,#589,.T.);
#852=EDGE_CURVE('',#687,#686,#590,.T.);
#853=EDGE_CURVE('',#688,#687,#296,.T.);
#854=EDGE_CURVE('',#689,#688,#591,.T.);
#855=EDGE_CURVE('',#690,#689,#297,.T.);
#856=EDGE_CURVE('',#691,#690,#592,.T.);
#857=EDGE_CURVE('',#692,#691,#298,.T.);
#858=EDGE_CURVE('',#693,#692,#593,.T.);
#859=EDGE_CURVE('',#694,#693,#299,.T.);
#860=EDGE_CURVE('',#695,#694,#594,.T.);
#861=EDGE_CURVE('',#696,#695,#300,.T.);
#862=EDGE_CURVE('',#697,#696,#595,.T.);
#863=EDGE_CURVE('',#698,#697,#596,.T.);
#864=EDGE_CURVE('',#699,#698,#301,.T.);
#865=EDGE_CURVE('',#699,#700,#302,.T.);
#866=EDGE_CURVE('',#700,#701,#303,.T.);
#867=EDGE_CURVE('',#702,#701,#597,.T.);
#868=EDGE_CURVE('',#702,#703,#304,.T.);
#869=EDGE_CURVE('',#704,#703,#598,.T.);
#870=EDGE_CURVE('',#704,#705,#305,.T.);
#871=EDGE_CURVE('',#705,#706,#306,.T.);
#872=EDGE_CURVE('',#706,#707,#599,.T.);
#873=EDGE_CURVE('',#679,#707,#307,.T.);
#874=EDGE_CURVE('',#682,#708,#600,.T.);
#875=EDGE_CURVE('',#683,#708,#308,.T.);
#876=EDGE_CURVE('',#708,#709,#601,.T.);
#877=EDGE_CURVE('',#709,#684,#309,.T.);
#878=EDGE_CURVE('',#710,#709,#310,.T.);
#879=EDGE_CURVE('',#685,#710,#311,.T.);
#880=EDGE_CURVE('',#711,#712,#602,.T.);
#881=EDGE_CURVE('',#712,#713,#312,.T.);
#882=EDGE_CURVE('',#713,#714,#603,.F.);
#883=EDGE_CURVE('',#714,#711,#313,.T.);
#884=EDGE_CURVE('',#715,#711,#604,.T.);
#885=EDGE_CURVE('',#716,#715,#605,.T.);
#886=EDGE_CURVE('',#717,#716,#606,.T.);
#887=EDGE_CURVE('',#717,#718,#314,.T.);
#888=EDGE_CURVE('',#719,#718,#607,.T.);
#889=EDGE_CURVE('',#719,#720,#315,.T.);
#890=EDGE_CURVE('',#720,#721,#316,.T.);
#891=EDGE_CURVE('',#722,#721,#608,.T.);
#892=EDGE_CURVE('',#722,#723,#317,.T.);
#893=EDGE_CURVE('',#724,#723,#609,.T.);
#894=EDGE_CURVE('',#724,#725,#318,.T.);
#895=EDGE_CURVE('',#726,#725,#610,.T.);
#896=EDGE_CURVE('',#726,#727,#319,.T.);
#897=EDGE_CURVE('',#712,#727,#611,.F.);
#898=EDGE_CURVE('',#728,#728,#612,.T.);
#899=EDGE_CURVE('',#714,#729,#613,.T.);
#900=EDGE_CURVE('',#729,#730,#320,.T.);
#901=EDGE_CURVE('',#731,#730,#614,.T.);
#902=EDGE_CURVE('',#731,#715,#321,.T.);
#903=EDGE_CURVE('',#732,#731,#615,.T.);
#904=EDGE_CURVE('',#716,#732,#322,.T.);
#905=EDGE_CURVE('',#733,#732,#616,.T.);
#906=EDGE_CURVE('',#733,#717,#323,.T.);
#907=EDGE_CURVE('',#730,#734,#617,.T.);
#908=EDGE_CURVE('',#735,#734,#324,.T.);
#909=EDGE_CURVE('',#736,#735,#618,.F.);
#910=EDGE_CURVE('',#736,#737,#325,.T.);
#911=EDGE_CURVE('',#738,#737,#326,.T.);
#912=EDGE_CURVE('',#739,#738,#619,.T.);
#913=EDGE_CURVE('',#733,#739,#327,.T.);
#914=EDGE_CURVE('',#718,#739,#328,.T.);
#915=EDGE_CURVE('',#729,#740,#620,.T.);
#916=EDGE_CURVE('',#740,#734,#329,.T.);
#917=EDGE_CURVE('',#727,#741,#330,.T.);
#918=EDGE_CURVE('',#713,#741,#621,.T.);
#919=EDGE_CURVE('',#742,#742,#622,.T.);
#920=EDGE_CURVE('',#742,#743,#331,.T.);
#921=EDGE_CURVE('',#743,#743,#23,.T.);
#922=EDGE_CURVE('',#744,#744,#623,.T.);
#923=EDGE_CURVE('',#745,#745,#624,.T.);
#924=EDGE_CURVE('',#746,#746,#625,.T.);
#925=EDGE_CURVE('',#745,#747,#332,.T.);
#926=EDGE_CURVE('',#747,#747,#24,.T.);
#927=EDGE_CURVE('',#748,#748,#626,.T.);
#928=EDGE_CURVE('',#748,#749,#333,.T.);
#929=EDGE_CURVE('',#749,#749,#25,.T.);
#930=EDGE_CURVE('',#750,#750,#627,.T.);
#931=EDGE_CURVE('',#751,#751,#628,.T.);
#932=EDGE_CURVE('',#751,#752,#334,.T.);
#933=EDGE_CURVE('',#752,#752,#26,.T.);
#934=EDGE_CURVE('',#753,#753,#629,.T.);
#935=EDGE_CURVE('',#754,#754,#630,.T.);
#936=EDGE_CURVE('',#754,#755,#335,.T.);
#937=EDGE_CURVE('',#755,#755,#631,.T.);
#938=EDGE_CURVE('',#756,#756,#632,.T.);
#939=EDGE_CURVE('',#756,#757,#336,.T.);
#940=EDGE_CURVE('',#757,#757,#633,.T.);
#941=EDGE_CURVE('',#758,#758,#634,.T.);
#942=EDGE_CURVE('',#758,#759,#337,.T.);
#943=EDGE_CURVE('',#759,#759,#635,.T.);
#944=EDGE_CURVE('',#760,#760,#636,.T.);
#945=EDGE_CURVE('',#760,#761,#338,.T.);
#946=EDGE_CURVE('',#761,#761,#637,.T.);
#947=EDGE_CURVE('',#762,#762,#638,.T.);
#948=EDGE_CURVE('',#762,#750,#339,.T.);
#949=EDGE_CURVE('',#763,#763,#639,.T.);
#950=EDGE_CURVE('',#763,#744,#340,.T.);
#951=EDGE_CURVE('',#728,#746,#341,.T.);
#952=EDGE_CURVE('',#764,#764,#640,.T.);
#953=EDGE_CURVE('',#764,#753,#342,.T.);
#954=EDGE_CURVE('',#765,#766,#641,.T.);
#955=EDGE_CURVE('',#766,#736,#343,.T.);
#956=EDGE_CURVE('',#735,#765,#344,.T.);
#957=EDGE_CURVE('',#767,#766,#345,.T.);
#958=EDGE_CURVE('',#768,#767,#346,.T.);
#959=EDGE_CURVE('',#768,#769,#347,.T.);
#960=EDGE_CURVE('',#737,#769,#348,.T.);
#961=EDGE_CURVE('',#770,#741,#349,.T.);
#962=EDGE_CURVE('',#770,#771,#642,.T.);
#963=EDGE_CURVE('',#772,#771,#350,.T.);
#964=EDGE_CURVE('',#773,#772,#643,.F.);
#965=EDGE_CURVE('',#774,#773,#351,.T.);
#966=EDGE_CURVE('',#775,#774,#644,.T.);
#967=EDGE_CURVE('',#775,#776,#352,.T.);
#968=EDGE_CURVE('',#777,#776,#645,.T.);
#969=EDGE_CURVE('',#777,#778,#353,.T.);
#970=EDGE_CURVE('',#779,#778,#646,.T.);
#971=EDGE_CURVE('',#779,#780,#354,.T.);
#972=EDGE_CURVE('',#781,#780,#647,.T.);
#973=EDGE_CURVE('',#782,#781,#355,.T.);
#974=EDGE_CURVE('',#782,#783,#648,.T.);
#975=EDGE_CURVE('',#784,#783,#649,.F.);
#976=EDGE_CURVE('',#785,#784,#356,.T.);
#977=EDGE_CURVE('',#785,#786,#650,.F.);
#978=EDGE_CURVE('',#786,#787,#357,.T.);
#979=EDGE_CURVE('',#788,#787,#651,.T.);
#980=EDGE_CURVE('',#789,#788,#652,.T.);
#981=EDGE_CURVE('',#789,#790,#358,.T.);
#982=EDGE_CURVE('',#767,#790,#653,.T.);
#983=EDGE_CURVE('',#765,#740,#359,.T.);
#984=EDGE_CURVE('',#791,#792,#654,.F.);
#985=EDGE_CURVE('',#792,#788,#360,.T.);
#986=EDGE_CURVE('',#787,#791,#361,.T.);
#987=EDGE_CURVE('',#793,#786,#362,.T.);
#988=EDGE_CURVE('',#793,#791,#363,.T.);
#989=EDGE_CURVE('',#794,#792,#655,.T.);
#990=EDGE_CURVE('',#794,#789,#364,.T.);
#991=EDGE_CURVE('',#795,#796,#656,.T.);
#992=EDGE_CURVE('',#795,#704,#365,.T.);
#993=EDGE_CURVE('',#703,#796,#366,.T.);
#994=EDGE_CURVE('',#797,#702,#367,.T.);
#995=EDGE_CURVE('',#796,#797,#368,.T.);
#996=EDGE_CURVE('',#797,#798,#657,.T.);
#997=EDGE_CURVE('',#701,#798,#369,.T.);
#998=EDGE_CURVE('',#799,#700,#370,.T.);
#999=EDGE_CURVE('',#798,#799,#371,.T.);
#1000=EDGE_CURVE('',#800,#795,#372,.T.);
#1001=EDGE_CURVE('',#800,#705,#373,.T.);
#1002=EDGE_CURVE('',#696,#801,#374,.T.);
#1003=EDGE_CURVE('',#801,#802,#658,.T.);
#1004=EDGE_CURVE('',#697,#802,#375,.T.);
#1005=EDGE_CURVE('',#774,#695,#376,.T.);
#1006=EDGE_CURVE('',#723,#773,#377,.T.);
#1007=EDGE_CURVE('',#801,#722,#378,.T.);
#1008=EDGE_CURVE('',#694,#775,#379,.T.);
#1009=EDGE_CURVE('',#776,#693,#380,.T.);
#1010=EDGE_CURVE('',#692,#777,#381,.T.);
#1011=EDGE_CURVE('',#778,#691,#382,.T.);
#1012=EDGE_CURVE('',#690,#779,#383,.T.);
#1013=EDGE_CURVE('',#780,#689,#384,.T.);
#1014=EDGE_CURVE('',#688,#781,#385,.T.);
#1015=EDGE_CURVE('',#803,#687,#386,.T.);
#1016=EDGE_CURVE('',#804,#803,#387,.T.);
#1017=EDGE_CURVE('',#782,#804,#388,.T.);
#1018=EDGE_CURVE('',#805,#686,#389,.T.);
#1019=EDGE_CURVE('',#805,#803,#659,.T.);
#1020=EDGE_CURVE('',#806,#807,#660,.T.);
#1021=EDGE_CURVE('',#806,#808,#390,.T.);
#1022=EDGE_CURVE('',#808,#809,#661,.T.);
#1023=EDGE_CURVE('',#809,#807,#391,.T.);
#1024=EDGE_CURVE('',#810,#807,#662,.T.);
#1025=EDGE_CURVE('',#810,#811,#663,.T.);
#1026=EDGE_CURVE('',#812,#811,#392,.T.);
#1027=EDGE_CURVE('',#813,#812,#664,.T.);
#1028=EDGE_CURVE('',#814,#813,#393,.T.);
#1029=EDGE_CURVE('',#814,#815,#394,.T.);
#1030=EDGE_CURVE('',#802,#815,#665,.T.);
#1031=EDGE_CURVE('',#816,#801,#666,.F.);
#1032=EDGE_CURVE('',#817,#816,#395,.T.);
#1033=EDGE_CURVE('',#818,#817,#396,.T.);
#1034=EDGE_CURVE('',#819,#818,#397,.T.);
#1035=EDGE_CURVE('',#806,#819,#667,.F.);
#1036=EDGE_CURVE('',#820,#809,#668,.T.);
#1037=EDGE_CURVE('',#810,#820,#398,.T.);
#1038=EDGE_CURVE('',#820,#821,#669,.T.);
#1039=EDGE_CURVE('',#821,#811,#399,.T.);
#1040=EDGE_CURVE('',#815,#698,#400,.T.);
#1041=EDGE_CURVE('',#699,#814,#401,.T.);
#1042=EDGE_CURVE('',#819,#822,#402,.T.);
#1043=EDGE_CURVE('',#822,#808,#670,.T.);
#1044=EDGE_CURVE('',#823,#818,#403,.T.);
#1045=EDGE_CURVE('',#822,#823,#404,.T.);
#1046=EDGE_CURVE('',#721,#816,#405,.T.);
#1047=EDGE_CURVE('',#772,#724,#406,.T.);
#1048=EDGE_CURVE('',#710,#805,#671,.T.);
#1049=EDGE_CURVE('',#681,#824,#407,.T.);
#1050=EDGE_CURVE('',#825,#824,#672,.T.);
#1051=EDGE_CURVE('',#825,#826,#408,.T.);
#1052=EDGE_CURVE('',#827,#826,#673,.T.);
#1053=EDGE_CURVE('',#827,#828,#409,.T.);
#1054=EDGE_CURVE('',#828,#829,#410,.T.);
#1055=EDGE_CURVE('',#830,#829,#674,.T.);
#1056=EDGE_CURVE('',#804,#830,#675,.T.);
#1057=EDGE_CURVE('',#783,#830,#411,.T.);
#1058=EDGE_CURVE('',#829,#784,#412,.T.);
#1059=EDGE_CURVE('',#831,#828,#413,.T.);
#1060=EDGE_CURVE('',#831,#832,#414,.T.);
#1061=EDGE_CURVE('',#785,#832,#415,.T.);
#1062=EDGE_CURVE('',#768,#833,#676,.T.);
#1063=EDGE_CURVE('',#790,#833,#416,.T.);
#1064=EDGE_CURVE('',#794,#833,#417,.T.);
#1065=EDGE_CURVE('',#793,#832,#677,.T.);
#1066=EDGE_CURVE('',#769,#831,#418,.T.);
#1067=EDGE_CURVE('',#800,#799,#419,.T.);
#1068=EDGE_CURVE('',#770,#726,#420,.T.);
#1069=EDGE_CURVE('',#725,#771,#421,.T.);
#1070=EDGE_CURVE('',#824,#707,#422,.T.);
#1071=EDGE_CURVE('',#706,#834,#423,.T.);
#1072=EDGE_CURVE('',#835,#834,#27,.T.);
#1073=EDGE_CURVE('',#825,#835,#424,.T.);
#1074=EDGE_CURVE('',#813,#836,#425,.T.);
#1075=EDGE_CURVE('',#834,#836,#426,.T.);
#1076=EDGE_CURVE('',#827,#837,#427,.T.);
#1077=EDGE_CURVE('',#838,#837,#428,.T.);
#1078=EDGE_CURVE('',#738,#838,#429,.T.);
#1079=EDGE_CURVE('',#839,#821,#430,.T.);
#1080=EDGE_CURVE('',#812,#839,#431,.T.);
#1081=EDGE_CURVE('',#817,#720,#432,.T.);
#1082=EDGE_CURVE('',#839,#840,#678,.T.);
#1083=EDGE_CURVE('',#840,#841,#433,.T.);
#1084=EDGE_CURVE('',#836,#841,#28,.T.);
#1085=EDGE_CURVE('',#823,#840,#434,.T.);
#1086=EDGE_CURVE('',#842,#835,#435,.T.);
#1087=EDGE_CURVE('',#826,#842,#436,.T.);
#1088=EDGE_CURVE('',#719,#843,#437,.T.);
#1089=EDGE_CURVE('',#841,#843,#438,.T.);
#1090=EDGE_CURVE('',#843,#838,#29,.T.);
#1091=EDGE_CURVE('',#837,#842,#30,.T.);
#1092=ORIENTED_EDGE('',*,*,#844,.F.);
#1093=ORIENTED_EDGE('',*,*,#845,.T.);
#1094=ORIENTED_EDGE('',*,*,#846,.T.);
#1095=ORIENTED_EDGE('',*,*,#847,.T.);
#1096=ORIENTED_EDGE('',*,*,#844,.T.);
#1097=ORIENTED_EDGE('',*,*,#848,.T.);
#1098=ORIENTED_EDGE('',*,*,#849,.T.);
#1099=ORIENTED_EDGE('',*,*,#850,.F.);
#1100=ORIENTED_EDGE('',*,*,#851,.F.);
#1101=ORIENTED_EDGE('',*,*,#852,.F.);
#1102=ORIENTED_EDGE('',*,*,#853,.F.);
#1103=ORIENTED_EDGE('',*,*,#854,.F.);
#1104=ORIENTED_EDGE('',*,*,#855,.F.);
#1105=ORIENTED_EDGE('',*,*,#856,.F.);
#1106=ORIENTED_EDGE('',*,*,#857,.F.);
#1107=ORIENTED_EDGE('',*,*,#858,.F.);
#1108=ORIENTED_EDGE('',*,*,#859,.F.);
#1109=ORIENTED_EDGE('',*,*,#860,.F.);
#1110=ORIENTED_EDGE('',*,*,#861,.F.);
#1111=ORIENTED_EDGE('',*,*,#862,.F.);
#1112=ORIENTED_EDGE('',*,*,#863,.F.);
#1113=ORIENTED_EDGE('',*,*,#864,.F.);
#1114=ORIENTED_EDGE('',*,*,#865,.T.);
#1115=ORIENTED_EDGE('',*,*,#866,.T.);
#1116=ORIENTED_EDGE('',*,*,#867,.F.);
#1117=ORIENTED_EDGE('',*,*,#868,.T.);
#1118=ORIENTED_EDGE('',*,*,#869,.F.);
#1119=ORIENTED_EDGE('',*,*,#870,.T.);
#1120=ORIENTED_EDGE('',*,*,#871,.T.);
#1121=ORIENTED_EDGE('',*,*,#872,.T.);
#1122=ORIENTED_EDGE('',*,*,#873,.F.);
#1123=ORIENTED_EDGE('',*,*,#847,.F.);
#1124=ORIENTED_EDGE('',*,*,#874,.T.);
#1125=ORIENTED_EDGE('',*,*,#875,.F.);
#1126=ORIENTED_EDGE('',*,*,#848,.F.);
#1127=ORIENTED_EDGE('',*,*,#849,.F.);
#1128=ORIENTED_EDGE('',*,*,#875,.T.);
#1129=ORIENTED_EDGE('',*,*,#876,.T.);
#1130=ORIENTED_EDGE('',*,*,#877,.T.);
#1131=ORIENTED_EDGE('',*,*,#877,.F.);
#1132=ORIENTED_EDGE('',*,*,#878,.F.);
#1133=ORIENTED_EDGE('',*,*,#879,.F.);
#1134=ORIENTED_EDGE('',*,*,#850,.T.);
#1135=ORIENTED_EDGE('',*,*,#880,.T.);
#1136=ORIENTED_EDGE('',*,*,#881,.T.);
#1137=ORIENTED_EDGE('',*,*,#882,.T.);
#1138=ORIENTED_EDGE('',*,*,#883,.T.);
#1139=ORIENTED_EDGE('',*,*,#880,.F.);
#1140=ORIENTED_EDGE('',*,*,#884,.F.);
#1141=ORIENTED_EDGE('',*,*,#885,.F.);
#1142=ORIENTED_EDGE('',*,*,#886,.F.);
#1143=ORIENTED_EDGE('',*,*,#887,.T.);
#1144=ORIENTED_EDGE('',*,*,#888,.F.);
#1145=ORIENTED_EDGE('',*,*,#889,.T.);
#1146=ORIENTED_EDGE('',*,*,#890,.T.);
#1147=ORIENTED_EDGE('',*,*,#891,.F.);
#1148=ORIENTED_EDGE('',*,*,#892,.T.);
#1149=ORIENTED_EDGE('',*,*,#893,.F.);
#1150=ORIENTED_EDGE('',*,*,#894,.T.);
#1151=ORIENTED_EDGE('',*,*,#895,.F.);
#1152=ORIENTED_EDGE('',*,*,#896,.T.);
#1153=ORIENTED_EDGE('',*,*,#897,.F.);
#1154=ORIENTED_EDGE('',*,*,#898,.T.);
#1155=ORIENTED_EDGE('',*,*,#883,.F.);
#1156=ORIENTED_EDGE('',*,*,#899,.T.);
#1157=ORIENTED_EDGE('',*,*,#900,.T.);
#1158=ORIENTED_EDGE('',*,*,#901,.F.);
#1159=ORIENTED_EDGE('',*,*,#902,.T.);
#1160=ORIENTED_EDGE('',*,*,#884,.T.);
#1161=ORIENTED_EDGE('',*,*,#902,.F.);
#1162=ORIENTED_EDGE('',*,*,#903,.F.);
#1163=ORIENTED_EDGE('',*,*,#904,.F.);
#1164=ORIENTED_EDGE('',*,*,#885,.T.);
#1165=ORIENTED_EDGE('',*,*,#905,.F.);
#1166=ORIENTED_EDGE('',*,*,#906,.T.);
#1167=ORIENTED_EDGE('',*,*,#886,.T.);
#1168=ORIENTED_EDGE('',*,*,#904,.T.);
#1169=ORIENTED_EDGE('',*,*,#901,.T.);
#1170=ORIENTED_EDGE('',*,*,#907,.T.);
#1171=ORIENTED_EDGE('',*,*,#908,.F.);
#1172=ORIENTED_EDGE('',*,*,#909,.F.);
#1173=ORIENTED_EDGE('',*,*,#910,.T.);
#1174=ORIENTED_EDGE('',*,*,#911,.F.);
#1175=ORIENTED_EDGE('',*,*,#912,.F.);
#1176=ORIENTED_EDGE('',*,*,#913,.F.);
#1177=ORIENTED_EDGE('',*,*,#905,.T.);
#1178=ORIENTED_EDGE('',*,*,#903,.T.);
#1179=ORIENTED_EDGE('',*,*,#906,.F.);
#1180=ORIENTED_EDGE('',*,*,#913,.T.);
#1181=ORIENTED_EDGE('',*,*,#914,.F.);
#1182=ORIENTED_EDGE('',*,*,#887,.F.);
#1183=ORIENTED_EDGE('',*,*,#900,.F.);
#1184=ORIENTED_EDGE('',*,*,#915,.T.);
#1185=ORIENTED_EDGE('',*,*,#916,.T.);
#1186=ORIENTED_EDGE('',*,*,#907,.F.);
#1187=ORIENTED_EDGE('',*,*,#881,.F.);
#1188=ORIENTED_EDGE('',*,*,#897,.T.);
#1189=ORIENTED_EDGE('',*,*,#917,.T.);
#1190=ORIENTED_EDGE('',*,*,#918,.F.);
#1191=ORIENTED_EDGE('',*,*,#919,.T.);
#1192=ORIENTED_EDGE('',*,*,#920,.T.);
#1193=ORIENTED_EDGE('',*,*,#921,.F.);
#1194=ORIENTED_EDGE('',*,*,#920,.F.);
#1195=ORIENTED_EDGE('',*,*,#919,.F.);
#1196=ORIENTED_EDGE('',*,*,#922,.F.);
#1197=ORIENTED_EDGE('',*,*,#923,.F.);
#1198=ORIENTED_EDGE('',*,*,#924,.F.);
#1199=ORIENTED_EDGE('',*,*,#923,.T.);
#1200=ORIENTED_EDGE('',*,*,#925,.T.);
#1201=ORIENTED_EDGE('',*,*,#926,.F.);
#1202=ORIENTED_EDGE('',*,*,#925,.F.);
#1203=ORIENTED_EDGE('',*,*,#927,.T.);
#1204=ORIENTED_EDGE('',*,*,#928,.T.);
#1205=ORIENTED_EDGE('',*,*,#929,.F.);
#1206=ORIENTED_EDGE('',*,*,#928,.F.);
#1207=ORIENTED_EDGE('',*,*,#927,.F.);
#1208=ORIENTED_EDGE('',*,*,#930,.F.);
#1209=ORIENTED_EDGE('',*,*,#931,.T.);
#1210=ORIENTED_EDGE('',*,*,#932,.T.);
#1211=ORIENTED_EDGE('',*,*,#933,.F.);
#1212=ORIENTED_EDGE('',*,*,#932,.F.);
#1213=ORIENTED_EDGE('',*,*,#931,.F.);
#1214=ORIENTED_EDGE('',*,*,#934,.F.);
#1215=ORIENTED_EDGE('',*,*,#935,.F.);
#1216=ORIENTED_EDGE('',*,*,#936,.T.);
#1217=ORIENTED_EDGE('',*,*,#937,.T.);
#1218=ORIENTED_EDGE('',*,*,#936,.F.);
#1219=ORIENTED_EDGE('',*,*,#937,.F.);
#1220=ORIENTED_EDGE('',*,*,#921,.T.);
#1221=ORIENTED_EDGE('',*,*,#938,.F.);
#1222=ORIENTED_EDGE('',*,*,#939,.T.);
#1223=ORIENTED_EDGE('',*,*,#940,.T.);
#1224=ORIENTED_EDGE('',*,*,#939,.F.);
#1225=ORIENTED_EDGE('',*,*,#940,.F.);
#1226=ORIENTED_EDGE('',*,*,#929,.T.);
#1227=ORIENTED_EDGE('',*,*,#941,.F.);
#1228=ORIENTED_EDGE('',*,*,#942,.T.);
#1229=ORIENTED_EDGE('',*,*,#943,.T.);
#1230=ORIENTED_EDGE('',*,*,#942,.F.);
#1231=ORIENTED_EDGE('',*,*,#943,.F.);
#1232=ORIENTED_EDGE('',*,*,#933,.T.);
#1233=ORIENTED_EDGE('',*,*,#944,.F.);
#1234=ORIENTED_EDGE('',*,*,#945,.T.);
#1235=ORIENTED_EDGE('',*,*,#946,.T.);
#1236=ORIENTED_EDGE('',*,*,#945,.F.);
#1237=ORIENTED_EDGE('',*,*,#946,.F.);
#1238=ORIENTED_EDGE('',*,*,#926,.T.);
#1239=ORIENTED_EDGE('',*,*,#947,.F.);
#1240=ORIENTED_EDGE('',*,*,#948,.T.);
#1241=ORIENTED_EDGE('',*,*,#930,.T.);
#1242=ORIENTED_EDGE('',*,*,#948,.F.);
#1243=ORIENTED_EDGE('',*,*,#949,.F.);
#1244=ORIENTED_EDGE('',*,*,#950,.T.);
#1245=ORIENTED_EDGE('',*,*,#922,.T.);
#1246=ORIENTED_EDGE('',*,*,#950,.F.);
#1247=ORIENTED_EDGE('',*,*,#898,.F.);
#1248=ORIENTED_EDGE('',*,*,#951,.T.);
#1249=ORIENTED_EDGE('',*,*,#924,.T.);
#1250=ORIENTED_EDGE('',*,*,#951,.F.);
#1251=ORIENTED_EDGE('',*,*,#952,.F.);
#1252=ORIENTED_EDGE('',*,*,#953,.T.);
#1253=ORIENTED_EDGE('',*,*,#934,.T.);
#1254=ORIENTED_EDGE('',*,*,#953,.F.);
#1255=ORIENTED_EDGE('',*,*,#954,.T.);
#1256=ORIENTED_EDGE('',*,*,#955,.T.);
#1257=ORIENTED_EDGE('',*,*,#909,.T.);
#1258=ORIENTED_EDGE('',*,*,#956,.T.);
#1259=ORIENTED_EDGE('',*,*,#910,.F.);
#1260=ORIENTED_EDGE('',*,*,#955,.F.);
#1261=ORIENTED_EDGE('',*,*,#957,.F.);
#1262=ORIENTED_EDGE('',*,*,#958,.F.);
#1263=ORIENTED_EDGE('',*,*,#959,.T.);
#1264=ORIENTED_EDGE('',*,*,#960,.F.);
#1265=ORIENTED_EDGE('',*,*,#918,.T.);
#1266=ORIENTED_EDGE('',*,*,#961,.F.);
#1267=ORIENTED_EDGE('',*,*,#962,.T.);
#1268=ORIENTED_EDGE('',*,*,#963,.F.);
#1269=ORIENTED_EDGE('',*,*,#964,.F.);
#1270=ORIENTED_EDGE('',*,*,#965,.F.);
#1271=ORIENTED_EDGE('',*,*,#966,.F.);
#1272=ORIENTED_EDGE('',*,*,#967,.T.);
#1273=ORIENTED_EDGE('',*,*,#968,.F.);
#1274=ORIENTED_EDGE('',*,*,#969,.T.);
#1275=ORIENTED_EDGE('',*,*,#970,.F.);
#1276=ORIENTED_EDGE('',*,*,#971,.T.);
#1277=ORIENTED_EDGE('',*,*,#972,.F.);
#1278=ORIENTED_EDGE('',*,*,#973,.F.);
#1279=ORIENTED_EDGE('',*,*,#974,.T.);
#1280=ORIENTED_EDGE('',*,*,#975,.F.);
#1281=ORIENTED_EDGE('',*,*,#976,.F.);
#1282=ORIENTED_EDGE('',*,*,#977,.T.);
#1283=ORIENTED_EDGE('',*,*,#978,.T.);
#1284=ORIENTED_EDGE('',*,*,#979,.F.);
#1285=ORIENTED_EDGE('',*,*,#980,.F.);
#1286=ORIENTED_EDGE('',*,*,#981,.T.);
#1287=ORIENTED_EDGE('',*,*,#982,.F.);
#1288=ORIENTED_EDGE('',*,*,#957,.T.);
#1289=ORIENTED_EDGE('',*,*,#954,.F.);
#1290=ORIENTED_EDGE('',*,*,#983,.T.);
#1291=ORIENTED_EDGE('',*,*,#915,.F.);
#1292=ORIENTED_EDGE('',*,*,#899,.F.);
#1293=ORIENTED_EDGE('',*,*,#882,.F.);
#1294=ORIENTED_EDGE('',*,*,#984,.T.);
#1295=ORIENTED_EDGE('',*,*,#985,.T.);
#1296=ORIENTED_EDGE('',*,*,#979,.T.);
#1297=ORIENTED_EDGE('',*,*,#986,.T.);
#1298=ORIENTED_EDGE('',*,*,#986,.F.);
#1299=ORIENTED_EDGE('',*,*,#978,.F.);
#1300=ORIENTED_EDGE('',*,*,#987,.F.);
#1301=ORIENTED_EDGE('',*,*,#988,.T.);
#1302=ORIENTED_EDGE('',*,*,#985,.F.);
#1303=ORIENTED_EDGE('',*,*,#989,.F.);
#1304=ORIENTED_EDGE('',*,*,#990,.T.);
#1305=ORIENTED_EDGE('',*,*,#980,.T.);
#1306=ORIENTED_EDGE('',*,*,#991,.F.);
#1307=ORIENTED_EDGE('',*,*,#992,.T.);
#1308=ORIENTED_EDGE('',*,*,#869,.T.);
#1309=ORIENTED_EDGE('',*,*,#993,.T.);
#1310=ORIENTED_EDGE('',*,*,#993,.F.);
#1311=ORIENTED_EDGE('',*,*,#868,.F.);
#1312=ORIENTED_EDGE('',*,*,#994,.F.);
#1313=ORIENTED_EDGE('',*,*,#995,.F.);
#1314=ORIENTED_EDGE('',*,*,#996,.F.);
#1315=ORIENTED_EDGE('',*,*,#994,.T.);
#1316=ORIENTED_EDGE('',*,*,#867,.T.);
#1317=ORIENTED_EDGE('',*,*,#997,.T.);
#1318=ORIENTED_EDGE('',*,*,#997,.F.);
#1319=ORIENTED_EDGE('',*,*,#866,.F.);
#1320=ORIENTED_EDGE('',*,*,#998,.F.);
#1321=ORIENTED_EDGE('',*,*,#999,.F.);
#1322=ORIENTED_EDGE('',*,*,#992,.F.);
#1323=ORIENTED_EDGE('',*,*,#1000,.F.);
#1324=ORIENTED_EDGE('',*,*,#1001,.T.);
#1325=ORIENTED_EDGE('',*,*,#870,.F.);
#1326=ORIENTED_EDGE('',*,*,#862,.T.);
#1327=ORIENTED_EDGE('',*,*,#1002,.T.);
#1328=ORIENTED_EDGE('',*,*,#1003,.T.);
#1329=ORIENTED_EDGE('',*,*,#1004,.F.);
#1330=ORIENTED_EDGE('',*,*,#861,.T.);
#1331=ORIENTED_EDGE('',*,*,#1005,.F.);
#1332=ORIENTED_EDGE('',*,*,#965,.T.);
#1333=ORIENTED_EDGE('',*,*,#1006,.F.);
#1334=ORIENTED_EDGE('',*,*,#892,.F.);
#1335=ORIENTED_EDGE('',*,*,#1007,.F.);
#1336=ORIENTED_EDGE('',*,*,#1002,.F.);
#1337=ORIENTED_EDGE('',*,*,#860,.T.);
#1338=ORIENTED_EDGE('',*,*,#1008,.T.);
#1339=ORIENTED_EDGE('',*,*,#966,.T.);
#1340=ORIENTED_EDGE('',*,*,#1005,.T.);
#1341=ORIENTED_EDGE('',*,*,#859,.T.);
#1342=ORIENTED_EDGE('',*,*,#1009,.F.);
#1343=ORIENTED_EDGE('',*,*,#967,.F.);
#1344=ORIENTED_EDGE('',*,*,#1008,.F.);
#1345=ORIENTED_EDGE('',*,*,#858,.T.);
#1346=ORIENTED_EDGE('',*,*,#1010,.T.);
#1347=ORIENTED_EDGE('',*,*,#968,.T.);
#1348=ORIENTED_EDGE('',*,*,#1009,.T.);
#1349=ORIENTED_EDGE('',*,*,#857,.T.);
#1350=ORIENTED_EDGE('',*,*,#1011,.F.);
#1351=ORIENTED_EDGE('',*,*,#969,.F.);
#1352=ORIENTED_EDGE('',*,*,#1010,.F.);
#1353=ORIENTED_EDGE('',*,*,#856,.T.);
#1354=ORIENTED_EDGE('',*,*,#1012,.T.);
#1355=ORIENTED_EDGE('',*,*,#970,.T.);
#1356=ORIENTED_EDGE('',*,*,#1011,.T.);
#1357=ORIENTED_EDGE('',*,*,#855,.T.);
#1358=ORIENTED_EDGE('',*,*,#1013,.F.);
#1359=ORIENTED_EDGE('',*,*,#971,.F.);
#1360=ORIENTED_EDGE('',*,*,#1012,.F.);
#1361=ORIENTED_EDGE('',*,*,#854,.T.);
#1362=ORIENTED_EDGE('',*,*,#1014,.T.);
#1363=ORIENTED_EDGE('',*,*,#972,.T.);
#1364=ORIENTED_EDGE('',*,*,#1013,.T.);
#1365=ORIENTED_EDGE('',*,*,#853,.T.);
#1366=ORIENTED_EDGE('',*,*,#1015,.F.);
#1367=ORIENTED_EDGE('',*,*,#1016,.F.);
#1368=ORIENTED_EDGE('',*,*,#1017,.F.);
#1369=ORIENTED_EDGE('',*,*,#973,.T.);
#1370=ORIENTED_EDGE('',*,*,#1014,.F.);
#1371=ORIENTED_EDGE('',*,*,#852,.T.);
#1372=ORIENTED_EDGE('',*,*,#1018,.F.);
#1373=ORIENTED_EDGE('',*,*,#1019,.T.);
#1374=ORIENTED_EDGE('',*,*,#1015,.T.);
#1375=ORIENTED_EDGE('',*,*,#1020,.F.);
#1376=ORIENTED_EDGE('',*,*,#1021,.T.);
#1377=ORIENTED_EDGE('',*,*,#1022,.T.);
#1378=ORIENTED_EDGE('',*,*,#1023,.T.);
#1379=ORIENTED_EDGE('',*,*,#1020,.T.);
#1380=ORIENTED_EDGE('',*,*,#1024,.F.);
#1381=ORIENTED_EDGE('',*,*,#1025,.T.);
#1382=ORIENTED_EDGE('',*,*,#1026,.F.);
#1383=ORIENTED_EDGE('',*,*,#1027,.F.);
#1384=ORIENTED_EDGE('',*,*,#1028,.F.);
#1385=ORIENTED_EDGE('',*,*,#1029,.T.);
#1386=ORIENTED_EDGE('',*,*,#1030,.F.);
#1387=ORIENTED_EDGE('',*,*,#1003,.F.);
#1388=ORIENTED_EDGE('',*,*,#1031,.F.);
#1389=ORIENTED_EDGE('',*,*,#1032,.F.);
#1390=ORIENTED_EDGE('',*,*,#1033,.F.);
#1391=ORIENTED_EDGE('',*,*,#1034,.F.);
#1392=ORIENTED_EDGE('',*,*,#1035,.F.);
#1393=ORIENTED_EDGE('',*,*,#1023,.F.);
#1394=ORIENTED_EDGE('',*,*,#1036,.F.);
#1395=ORIENTED_EDGE('',*,*,#1037,.F.);
#1396=ORIENTED_EDGE('',*,*,#1024,.T.);
#1397=ORIENTED_EDGE('',*,*,#1025,.F.);
#1398=ORIENTED_EDGE('',*,*,#1037,.T.);
#1399=ORIENTED_EDGE('',*,*,#1038,.T.);
#1400=ORIENTED_EDGE('',*,*,#1039,.T.);
#1401=ORIENTED_EDGE('',*,*,#863,.T.);
#1402=ORIENTED_EDGE('',*,*,#1004,.T.);
#1403=ORIENTED_EDGE('',*,*,#1030,.T.);
#1404=ORIENTED_EDGE('',*,*,#1040,.T.);
#1405=ORIENTED_EDGE('',*,*,#864,.T.);
#1406=ORIENTED_EDGE('',*,*,#1040,.F.);
#1407=ORIENTED_EDGE('',*,*,#1029,.F.);
#1408=ORIENTED_EDGE('',*,*,#1041,.F.);
#1409=ORIENTED_EDGE('',*,*,#1021,.F.);
#1410=ORIENTED_EDGE('',*,*,#1035,.T.);
#1411=ORIENTED_EDGE('',*,*,#1042,.T.);
#1412=ORIENTED_EDGE('',*,*,#1043,.T.);
#1413=ORIENTED_EDGE('',*,*,#1042,.F.);
#1414=ORIENTED_EDGE('',*,*,#1034,.T.);
#1415=ORIENTED_EDGE('',*,*,#1044,.F.);
#1416=ORIENTED_EDGE('',*,*,#1045,.F.);
#1417=ORIENTED_EDGE('',*,*,#891,.T.);
#1418=ORIENTED_EDGE('',*,*,#1046,.T.);
#1419=ORIENTED_EDGE('',*,*,#1031,.T.);
#1420=ORIENTED_EDGE('',*,*,#1007,.T.);
#1421=ORIENTED_EDGE('',*,*,#893,.T.);
#1422=ORIENTED_EDGE('',*,*,#1006,.T.);
#1423=ORIENTED_EDGE('',*,*,#964,.T.);
#1424=ORIENTED_EDGE('',*,*,#1047,.T.);
#1425=ORIENTED_EDGE('',*,*,#851,.T.);
#1426=ORIENTED_EDGE('',*,*,#879,.T.);
#1427=ORIENTED_EDGE('',*,*,#1048,.T.);
#1428=ORIENTED_EDGE('',*,*,#1018,.T.);
#1429=ORIENTED_EDGE('',*,*,#1048,.F.);
#1430=ORIENTED_EDGE('',*,*,#878,.T.);
#1431=ORIENTED_EDGE('',*,*,#876,.F.);
#1432=ORIENTED_EDGE('',*,*,#874,.F.);
#1433=ORIENTED_EDGE('',*,*,#846,.F.);
#1434=ORIENTED_EDGE('',*,*,#1049,.T.);
#1435=ORIENTED_EDGE('',*,*,#1050,.F.);
#1436=ORIENTED_EDGE('',*,*,#1051,.T.);
#1437=ORIENTED_EDGE('',*,*,#1052,.F.);
#1438=ORIENTED_EDGE('',*,*,#1053,.T.);
#1439=ORIENTED_EDGE('',*,*,#1054,.T.);
#1440=ORIENTED_EDGE('',*,*,#1055,.F.);
#1441=ORIENTED_EDGE('',*,*,#1056,.F.);
#1442=ORIENTED_EDGE('',*,*,#1016,.T.);
#1443=ORIENTED_EDGE('',*,*,#1019,.F.);
#1444=ORIENTED_EDGE('',*,*,#949,.T.);
#1445=ORIENTED_EDGE('',*,*,#952,.T.);
#1446=ORIENTED_EDGE('',*,*,#975,.T.);
#1447=ORIENTED_EDGE('',*,*,#1057,.T.);
#1448=ORIENTED_EDGE('',*,*,#1055,.T.);
#1449=ORIENTED_EDGE('',*,*,#1058,.T.);
#1450=ORIENTED_EDGE('',*,*,#1058,.F.);
#1451=ORIENTED_EDGE('',*,*,#1054,.F.);
#1452=ORIENTED_EDGE('',*,*,#1059,.F.);
#1453=ORIENTED_EDGE('',*,*,#1060,.T.);
#1454=ORIENTED_EDGE('',*,*,#1061,.F.);
#1455=ORIENTED_EDGE('',*,*,#976,.T.);
#1456=ORIENTED_EDGE('',*,*,#1057,.F.);
#1457=ORIENTED_EDGE('',*,*,#974,.F.);
#1458=ORIENTED_EDGE('',*,*,#1017,.T.);
#1459=ORIENTED_EDGE('',*,*,#1056,.T.);
#1460=ORIENTED_EDGE('',*,*,#956,.F.);
#1461=ORIENTED_EDGE('',*,*,#908,.T.);
#1462=ORIENTED_EDGE('',*,*,#916,.F.);
#1463=ORIENTED_EDGE('',*,*,#983,.F.);
#1464=ORIENTED_EDGE('',*,*,#1062,.F.);
#1465=ORIENTED_EDGE('',*,*,#958,.T.);
#1466=ORIENTED_EDGE('',*,*,#982,.T.);
#1467=ORIENTED_EDGE('',*,*,#1063,.T.);
#1468=ORIENTED_EDGE('',*,*,#1062,.T.);
#1469=ORIENTED_EDGE('',*,*,#1064,.F.);
#1470=ORIENTED_EDGE('',*,*,#989,.T.);
#1471=ORIENTED_EDGE('',*,*,#984,.F.);
#1472=ORIENTED_EDGE('',*,*,#988,.F.);
#1473=ORIENTED_EDGE('',*,*,#1065,.T.);
#1474=ORIENTED_EDGE('',*,*,#1060,.F.);
#1475=ORIENTED_EDGE('',*,*,#1066,.F.);
#1476=ORIENTED_EDGE('',*,*,#959,.F.);
#1477=ORIENTED_EDGE('',*,*,#1065,.F.);
#1478=ORIENTED_EDGE('',*,*,#987,.T.);
#1479=ORIENTED_EDGE('',*,*,#977,.F.);
#1480=ORIENTED_EDGE('',*,*,#1061,.T.);
#1481=ORIENTED_EDGE('',*,*,#991,.T.);
#1482=ORIENTED_EDGE('',*,*,#995,.T.);
#1483=ORIENTED_EDGE('',*,*,#996,.T.);
#1484=ORIENTED_EDGE('',*,*,#999,.T.);
#1485=ORIENTED_EDGE('',*,*,#1067,.F.);
#1486=ORIENTED_EDGE('',*,*,#1000,.T.);
#1487=ORIENTED_EDGE('',*,*,#962,.F.);
#1488=ORIENTED_EDGE('',*,*,#1068,.T.);
#1489=ORIENTED_EDGE('',*,*,#895,.T.);
#1490=ORIENTED_EDGE('',*,*,#1069,.T.);
#1491=ORIENTED_EDGE('',*,*,#1047,.F.);
#1492=ORIENTED_EDGE('',*,*,#963,.T.);
#1493=ORIENTED_EDGE('',*,*,#1069,.F.);
#1494=ORIENTED_EDGE('',*,*,#894,.F.);
#1495=ORIENTED_EDGE('',*,*,#1068,.F.);
#1496=ORIENTED_EDGE('',*,*,#961,.T.);
#1497=ORIENTED_EDGE('',*,*,#917,.F.);
#1498=ORIENTED_EDGE('',*,*,#896,.F.);
#1499=ORIENTED_EDGE('',*,*,#1070,.T.);
#1500=ORIENTED_EDGE('',*,*,#872,.F.);
#1501=ORIENTED_EDGE('',*,*,#1071,.T.);
#1502=ORIENTED_EDGE('',*,*,#1072,.F.);
#1503=ORIENTED_EDGE('',*,*,#1073,.F.);
#1504=ORIENTED_EDGE('',*,*,#1050,.T.);
#1505=ORIENTED_EDGE('',*,*,#1067,.T.);
#1506=ORIENTED_EDGE('',*,*,#998,.T.);
#1507=ORIENTED_EDGE('',*,*,#865,.F.);
#1508=ORIENTED_EDGE('',*,*,#1041,.T.);
#1509=ORIENTED_EDGE('',*,*,#1028,.T.);
#1510=ORIENTED_EDGE('',*,*,#1074,.T.);
#1511=ORIENTED_EDGE('',*,*,#1075,.F.);
#1512=ORIENTED_EDGE('',*,*,#1071,.F.);
#1513=ORIENTED_EDGE('',*,*,#871,.F.);
#1514=ORIENTED_EDGE('',*,*,#1001,.F.);
#1515=ORIENTED_EDGE('',*,*,#1063,.F.);
#1516=ORIENTED_EDGE('',*,*,#981,.F.);
#1517=ORIENTED_EDGE('',*,*,#990,.F.);
#1518=ORIENTED_EDGE('',*,*,#1064,.T.);
#1519=ORIENTED_EDGE('',*,*,#960,.T.);
#1520=ORIENTED_EDGE('',*,*,#1066,.T.);
#1521=ORIENTED_EDGE('',*,*,#1059,.T.);
#1522=ORIENTED_EDGE('',*,*,#1053,.F.);
#1523=ORIENTED_EDGE('',*,*,#1076,.T.);
#1524=ORIENTED_EDGE('',*,*,#1077,.F.);
#1525=ORIENTED_EDGE('',*,*,#1078,.F.);
#1526=ORIENTED_EDGE('',*,*,#911,.T.);
#1527=ORIENTED_EDGE('',*,*,#1039,.F.);
#1528=ORIENTED_EDGE('',*,*,#1079,.F.);
#1529=ORIENTED_EDGE('',*,*,#1080,.F.);
#1530=ORIENTED_EDGE('',*,*,#1026,.T.);
#1531=ORIENTED_EDGE('',*,*,#845,.F.);
#1532=ORIENTED_EDGE('',*,*,#873,.T.);
#1533=ORIENTED_EDGE('',*,*,#1070,.F.);
#1534=ORIENTED_EDGE('',*,*,#1049,.F.);
#1535=ORIENTED_EDGE('',*,*,#1046,.F.);
#1536=ORIENTED_EDGE('',*,*,#890,.F.);
#1537=ORIENTED_EDGE('',*,*,#1081,.F.);
#1538=ORIENTED_EDGE('',*,*,#1032,.T.);
#1539=ORIENTED_EDGE('',*,*,#1027,.T.);
#1540=ORIENTED_EDGE('',*,*,#1080,.T.);
#1541=ORIENTED_EDGE('',*,*,#1082,.T.);
#1542=ORIENTED_EDGE('',*,*,#1083,.T.);
#1543=ORIENTED_EDGE('',*,*,#1084,.F.);
#1544=ORIENTED_EDGE('',*,*,#1074,.F.);
#1545=ORIENTED_EDGE('',*,*,#1043,.F.);
#1546=ORIENTED_EDGE('',*,*,#1045,.T.);
#1547=ORIENTED_EDGE('',*,*,#1085,.T.);
#1548=ORIENTED_EDGE('',*,*,#1082,.F.);
#1549=ORIENTED_EDGE('',*,*,#1079,.T.);
#1550=ORIENTED_EDGE('',*,*,#1038,.F.);
#1551=ORIENTED_EDGE('',*,*,#1036,.T.);
#1552=ORIENTED_EDGE('',*,*,#1022,.F.);
#1553=ORIENTED_EDGE('',*,*,#947,.T.);
#1554=ORIENTED_EDGE('',*,*,#1086,.F.);
#1555=ORIENTED_EDGE('',*,*,#1087,.F.);
#1556=ORIENTED_EDGE('',*,*,#1051,.F.);
#1557=ORIENTED_EDGE('',*,*,#1073,.T.);
#1558=ORIENTED_EDGE('',*,*,#1081,.T.);
#1559=ORIENTED_EDGE('',*,*,#889,.F.);
#1560=ORIENTED_EDGE('',*,*,#1088,.T.);
#1561=ORIENTED_EDGE('',*,*,#1089,.F.);
#1562=ORIENTED_EDGE('',*,*,#1083,.F.);
#1563=ORIENTED_EDGE('',*,*,#1085,.F.);
#1564=ORIENTED_EDGE('',*,*,#1044,.T.);
#1565=ORIENTED_EDGE('',*,*,#1033,.T.);
#1566=ORIENTED_EDGE('',*,*,#912,.T.);
#1567=ORIENTED_EDGE('',*,*,#1078,.T.);
#1568=ORIENTED_EDGE('',*,*,#1090,.F.);
#1569=ORIENTED_EDGE('',*,*,#1088,.F.);
#1570=ORIENTED_EDGE('',*,*,#888,.T.);
#1571=ORIENTED_EDGE('',*,*,#914,.T.);
#1572=ORIENTED_EDGE('',*,*,#1091,.F.);
#1573=ORIENTED_EDGE('',*,*,#1076,.F.);
#1574=ORIENTED_EDGE('',*,*,#1052,.T.);
#1575=ORIENTED_EDGE('',*,*,#1087,.T.);
#1576=ORIENTED_EDGE('',*,*,#1089,.T.);
#1577=ORIENTED_EDGE('',*,*,#1090,.T.);
#1578=ORIENTED_EDGE('',*,*,#1077,.T.);
#1579=ORIENTED_EDGE('',*,*,#1091,.T.);
#1580=ORIENTED_EDGE('',*,*,#1086,.T.);
#1581=ORIENTED_EDGE('',*,*,#1072,.T.);
#1582=ORIENTED_EDGE('',*,*,#1075,.T.);
#1583=ORIENTED_EDGE('',*,*,#1084,.T.);
#1584=ORIENTED_EDGE('',*,*,#935,.T.);
#1585=ORIENTED_EDGE('',*,*,#938,.T.);
#1586=ORIENTED_EDGE('',*,*,#941,.T.);
#1587=ORIENTED_EDGE('',*,*,#944,.T.);
#1588=CYLINDRICAL_SURFACE('',#1745,3.);
#1589=CYLINDRICAL_SURFACE('',#1762,3.40000255490616);
#1590=CYLINDRICAL_SURFACE('',#1764,3.);
#1591=CYLINDRICAL_SURFACE('',#1767,3.);
#1592=CYLINDRICAL_SURFACE('',#1780,2.);
#1593=CYLINDRICAL_SURFACE('',#1783,2.90000255490615);
#1594=CYLINDRICAL_SURFACE('',#1785,3.);
#1595=CYLINDRICAL_SURFACE('',#1792,3.);
#1596=CYLINDRICAL_SURFACE('',#1794,3.);
#1597=CYLINDRICAL_SURFACE('',#1796,2.10000255490616);
#1598=CYLINDRICAL_SURFACE('',#1804,2.10000255490616);
#1599=CYLINDRICAL_SURFACE('',#1806,2.10000255490616);
#1600=CYLINDRICAL_SURFACE('',#1811,2.10000255490616);
#1601=CYLINDRICAL_SURFACE('',#1816,5.5);
#1602=CYLINDRICAL_SURFACE('',#1820,5.5);
#1603=CYLINDRICAL_SURFACE('',#1824,5.5);
#1604=CYLINDRICAL_SURFACE('',#1828,5.5);
#1605=CYLINDRICAL_SURFACE('',#1832,1.100002540005);
#1606=CYLINDRICAL_SURFACE('',#1834,1.100002540005);
#1607=CYLINDRICAL_SURFACE('',#1836,1.100002540005);
#1608=CYLINDRICAL_SURFACE('',#1837,1.100002540005);
#1609=CYLINDRICAL_SURFACE('',#1839,3.);
#1610=CYLINDRICAL_SURFACE('',#1855,3.);
#1611=CYLINDRICAL_SURFACE('',#1858,3.);
#1612=CYLINDRICAL_SURFACE('',#1860,3.);
#1613=CYLINDRICAL_SURFACE('',#1863,3.);
#1614=CYLINDRICAL_SURFACE('',#1867,3.);
#1615=CYLINDRICAL_SURFACE('',#1870,3.);
#1616=CYLINDRICAL_SURFACE('',#1872,3.);
#1617=CYLINDRICAL_SURFACE('',#1874,3.);
#1618=CYLINDRICAL_SURFACE('',#1876,3.);
#1619=CYLINDRICAL_SURFACE('',#1878,3.);
#1620=CYLINDRICAL_SURFACE('',#1880,5.);
#1621=CYLINDRICAL_SURFACE('',#1890,3.000002540005);
#1622=CYLINDRICAL_SURFACE('',#1892,5.);
#1623=CYLINDRICAL_SURFACE('',#1894,3.);
#1624=CYLINDRICAL_SURFACE('',#1896,3.);
#1625=CYLINDRICAL_SURFACE('',#1899,3.);
#1626=CYLINDRICAL_SURFACE('',#1900,3.);
#1627=CYLINDRICAL_SURFACE('',#1901,3.);
#1628=CYLINDRICAL_SURFACE('',#1908,3.);
#1629=CYLINDRICAL_SURFACE('',#1910,3.);
#1630=CYLINDRICAL_SURFACE('',#1912,3.);
#1631=CYLINDRICAL_SURFACE('',#1916,3.);
#1632=CYLINDRICAL_SURFACE('',#1918,3.);
#1633=CYLINDRICAL_SURFACE('',#1921,5.85);
#1634=CYLINDRICAL_SURFACE('',#1929,5.85);
#1635=CYLINDRICAL_SURFACE('',#1935,5.85000000000002);
#1636=CYLINDRICAL_SURFACE('',#1937,5.85);
#1637=ADVANCED_FACE('',(#91),#1588,.F.);
#1638=ADVANCED_FACE('',(#92),#47,.T.);
#1639=ADVANCED_FACE('',(#93),#1589,.T.);
#1640=ADVANCED_FACE('',(#94),#1590,.F.);
#1641=ADVANCED_FACE('',(#95),#48,.F.);
#1642=ADVANCED_FACE('',(#96),#1591,.T.);
#1643=ADVANCED_FACE('',(#97,#31),#49,.F.);
#1644=ADVANCED_FACE('',(#98),#1592,.F.);
#1645=ADVANCED_FACE('',(#99),#1593,.T.);
#1646=ADVANCED_FACE('',(#100),#1594,.F.);
#1647=ADVANCED_FACE('',(#101),#50,.F.);
#1648=ADVANCED_FACE('',(#102),#51,.F.);
#1649=ADVANCED_FACE('',(#103),#1595,.F.);
#1650=ADVANCED_FACE('',(#104),#1596,.F.);
#1651=ADVANCED_FACE('',(#105),#1597,.F.);
#1652=ADVANCED_FACE('',(#106,#32),#52,.T.);
#1653=ADVANCED_FACE('',(#107,#33),#53,.T.);
#1654=ADVANCED_FACE('',(#108),#1598,.F.);
#1655=ADVANCED_FACE('',(#109),#1599,.F.);
#1656=ADVANCED_FACE('',(#110,#34),#54,.T.);
#1657=ADVANCED_FACE('',(#111),#1600,.F.);
#1658=ADVANCED_FACE('',(#112,#35),#55,.T.);
#1659=ADVANCED_FACE('',(#113),#1601,.F.);
#1660=ADVANCED_FACE('',(#114,#36),#56,.T.);
#1661=ADVANCED_FACE('',(#115),#1602,.F.);
#1662=ADVANCED_FACE('',(#116,#37),#57,.T.);
#1663=ADVANCED_FACE('',(#117),#1603,.F.);
#1664=ADVANCED_FACE('',(#118,#38),#58,.T.);
#1665=ADVANCED_FACE('',(#119),#1604,.F.);
#1666=ADVANCED_FACE('',(#120,#39),#59,.T.);
#1667=ADVANCED_FACE('',(#121),#1605,.F.);
#1668=ADVANCED_FACE('',(#122),#1606,.F.);
#1669=ADVANCED_FACE('',(#123),#1607,.F.);
#1670=ADVANCED_FACE('',(#124),#1608,.F.);
#1671=ADVANCED_FACE('',(#125),#1609,.T.);
#1672=ADVANCED_FACE('',(#126),#60,.F.);
#1673=ADVANCED_FACE('',(#127),#61,.F.);
#1674=ADVANCED_FACE('',(#128),#1610,.T.);
#1675=ADVANCED_FACE('',(#129),#62,.F.);
#1676=ADVANCED_FACE('',(#130),#1611,.F.);
#1677=ADVANCED_FACE('',(#131),#1612,.F.);
#1678=ADVANCED_FACE('',(#132),#63,.T.);
#1679=ADVANCED_FACE('',(#133),#1613,.F.);
#1680=ADVANCED_FACE('',(#134),#64,.T.);
#1681=ADVANCED_FACE('',(#135),#65,.T.);
#1682=ADVANCED_FACE('',(#136),#1614,.F.);
#1683=ADVANCED_FACE('',(#137),#66,.F.);
#1684=ADVANCED_FACE('',(#138),#1615,.F.);
#1685=ADVANCED_FACE('',(#139),#67,.F.);
#1686=ADVANCED_FACE('',(#140),#1616,.T.);
#1687=ADVANCED_FACE('',(#141),#68,.F.);
#1688=ADVANCED_FACE('',(#142),#1617,.F.);
#1689=ADVANCED_FACE('',(#143),#69,.F.);
#1690=ADVANCED_FACE('',(#144),#1618,.F.);
#1691=ADVANCED_FACE('',(#145),#70,.F.);
#1692=ADVANCED_FACE('',(#146),#1619,.F.);
#1693=ADVANCED_FACE('',(#147),#1620,.F.);
#1694=ADVANCED_FACE('',(#148),#71,.F.);
#1695=ADVANCED_FACE('',(#149),#1621,.T.);
#1696=ADVANCED_FACE('',(#150),#1622,.F.);
#1697=ADVANCED_FACE('',(#151),#1623,.T.);
#1698=ADVANCED_FACE('',(#152),#72,.F.);
#1699=ADVANCED_FACE('',(#153),#1624,.T.);
#1700=ADVANCED_FACE('',(#154),#73,.F.);
#1701=ADVANCED_FACE('',(#155),#1625,.T.);
#1702=ADVANCED_FACE('',(#156),#1626,.T.);
#1703=ADVANCED_FACE('',(#157),#1627,.T.);
#1704=ADVANCED_FACE('',(#158,#40,#41),#74,.F.);
#1705=ADVANCED_FACE('',(#159),#1628,.T.);
#1706=ADVANCED_FACE('',(#160),#75,.F.);
#1707=ADVANCED_FACE('',(#161),#1629,.F.);
#1708=ADVANCED_FACE('',(#162),#76,.F.);
#1709=ADVANCED_FACE('',(#163),#1630,.F.);
#1710=ADVANCED_FACE('',(#164),#77,.F.);
#1711=ADVANCED_FACE('',(#165),#1631,.F.);
#1712=ADVANCED_FACE('',(#166),#78,.F.);
#1713=ADVANCED_FACE('',(#167),#1632,.F.);
#1714=ADVANCED_FACE('',(#168),#79,.F.);
#1715=ADVANCED_FACE('',(#169),#80,.F.);
#1716=ADVANCED_FACE('',(#170),#1633,.T.);
#1717=ADVANCED_FACE('',(#171),#81,.T.);
#1718=ADVANCED_FACE('',(#172),#82,.F.);
#1719=ADVANCED_FACE('',(#173),#83,.T.);
#1720=ADVANCED_FACE('',(#174),#84,.F.);
#1721=ADVANCED_FACE('',(#175),#85,.F.);
#1722=ADVANCED_FACE('',(#176),#86,.F.);
#1723=ADVANCED_FACE('',(#177),#1634,.T.);
#1724=ADVANCED_FACE('',(#178,#42),#87,.F.);
#1725=ADVANCED_FACE('',(#179),#88,.T.);
#1726=ADVANCED_FACE('',(#180),#89,.T.);
#1727=ADVANCED_FACE('',(#181),#1635,.T.);
#1728=ADVANCED_FACE('',(#182),#1636,.T.);
#1729=ADVANCED_FACE('',(#183,#43,#44,#45,#46),#90,.T.);
#1730=CLOSED_SHELL('',(#1637,#1638,#1639,#1640,#1641,#1642,#1643,#1644,
#1645,#1646,#1647,#1648,#1649,#1650,#1651,#1652,#1653,#1654,#1655,#1656,
#1657,#1658,#1659,#1660,#1661,#1662,#1663,#1664,#1665,#1666,#1667,#1668,
#1669,#1670,#1671,#1672,#1673,#1674,#1675,#1676,#1677,#1678,#1679,#1680,
#1681,#1682,#1683,#1684,#1685,#1686,#1687,#1688,#1689,#1690,#1691,#1692,
#1693,#1694,#1695,#1696,#1697,#1698,#1699,#1700,#1701,#1702,#1703,#1704,
#1705,#1706,#1707,#1708,#1709,#1710,#1711,#1712,#1713,#1714,#1715,#1716,
#1717,#1718,#1719,#1720,#1721,#1722,#1723,#1724,#1725,#1726,#1727,#1728,
#1729));
#1731=DERIVED_UNIT_ELEMENT(#1733,1.);
#1732=DERIVED_UNIT_ELEMENT(#3003,-3.);
#1733=(
MASS_UNIT()
NAMED_UNIT(*)
SI_UNIT(.KILO.,.GRAM.)
);
#1734=DERIVED_UNIT((#1731,#1732));
#1735=MEASURE_REPRESENTATION_ITEM('density measure',
POSITIVE_RATIO_MEASURE(7850.),#1734);
#1736=PROPERTY_DEFINITION_REPRESENTATION(#1741,#1738);
#1737=PROPERTY_DEFINITION_REPRESENTATION(#1742,#1739);
#1738=REPRESENTATION('material name',(#1740),#3000);
#1739=REPRESENTATION('density',(#1735),#3000);
#1740=DESCRIPTIVE_REPRESENTATION_ITEM('\X2\94A2\X0\','\X2\94A2\X0\');
#1741=PROPERTY_DEFINITION('material property','material name',#3015);
#1742=PROPERTY_DEFINITION('material property','density of part',#3015);
#1743=AXIS2_PLACEMENT_3D('',#2486,#1942,#1943);
#1744=AXIS2_PLACEMENT_3D('',#2487,#1944,#1945);
#1745=AXIS2_PLACEMENT_3D('',#2488,#1946,#1947);
#1746=AXIS2_PLACEMENT_3D('',#2491,#1948,#1949);
#1747=AXIS2_PLACEMENT_3D('',#2495,#1951,#1952);
#1748=AXIS2_PLACEMENT_3D('',#2497,#1954,#1955);
#1749=AXIS2_PLACEMENT_3D('',#2499,#1956,#1957);
#1750=AXIS2_PLACEMENT_3D('',#2501,#1958,#1959);
#1751=AXIS2_PLACEMENT_3D('',#2505,#1961,#1962);
#1752=AXIS2_PLACEMENT_3D('',#2507,#1963,#1964);
#1753=AXIS2_PLACEMENT_3D('',#2511,#1966,#1967);
#1754=AXIS2_PLACEMENT_3D('',#2515,#1969,#1970);
#1755=AXIS2_PLACEMENT_3D('',#2519,#1972,#1973);
#1756=AXIS2_PLACEMENT_3D('',#2523,#1975,#1976);
#1757=AXIS2_PLACEMENT_3D('',#2527,#1978,#1979);
#1758=AXIS2_PLACEMENT_3D('',#2529,#1980,#1981);
#1759=AXIS2_PLACEMENT_3D('',#2537,#1985,#1986);
#1760=AXIS2_PLACEMENT_3D('',#2541,#1988,#1989);
#1761=AXIS2_PLACEMENT_3D('',#2547,#1992,#1993);
#1762=AXIS2_PLACEMENT_3D('',#2549,#1995,#1996);
#1763=AXIS2_PLACEMENT_3D('',#2551,#1997,#1998);
#1764=AXIS2_PLACEMENT_3D('',#2553,#2000,#2001);
#1765=AXIS2_PLACEMENT_3D('',#2555,#2002,#2003);
#1766=AXIS2_PLACEMENT_3D('',#2557,#2005,#2006);
#1767=AXIS2_PLACEMENT_3D('',#2561,#2009,#2010);
#1768=AXIS2_PLACEMENT_3D('',#2564,#2011,#2012);
#1769=AXIS2_PLACEMENT_3D('',#2568,#2014,#2015);
#1770=AXIS2_PLACEMENT_3D('',#2570,#2017,#2018);
#1771=AXIS2_PLACEMENT_3D('',#2572,#2019,#2020);
#1772=AXIS2_PLACEMENT_3D('',#2574,#2021,#2022);
#1773=AXIS2_PLACEMENT_3D('',#2576,#2023,#2024);
#1774=AXIS2_PLACEMENT_3D('',#2580,#2026,#2027);
#1775=AXIS2_PLACEMENT_3D('',#2586,#2030,#2031);
#1776=AXIS2_PLACEMENT_3D('',#2590,#2033,#2034);
#1777=AXIS2_PLACEMENT_3D('',#2594,#2036,#2037);
#1778=AXIS2_PLACEMENT_3D('',#2597,#2039,#2040);
#1779=AXIS2_PLACEMENT_3D('',#2599,#2041,#2042);
#1780=AXIS2_PLACEMENT_3D('',#2600,#2043,#2044);
#1781=AXIS2_PLACEMENT_3D('',#2602,#2045,#2046);
#1782=AXIS2_PLACEMENT_3D('',#2606,#2048,#2049);
#1783=AXIS2_PLACEMENT_3D('',#2608,#2051,#2052);
#1784=AXIS2_PLACEMENT_3D('',#2610,#2053,#2054);
#1785=AXIS2_PLACEMENT_3D('',#2612,#2056,#2057);
#1786=AXIS2_PLACEMENT_3D('',#2614,#2058,#2059);
#1787=AXIS2_PLACEMENT_3D('',#2616,#2061,#2062);
#1788=AXIS2_PLACEMENT_3D('',#2618,#2063,#2064);
#1789=AXIS2_PLACEMENT_3D('',#2622,#2066,#2067);
#1790=AXIS2_PLACEMENT_3D('',#2628,#2070,#2071);
#1791=AXIS2_PLACEMENT_3D('',#2630,#2073,#2074);
#1792=AXIS2_PLACEMENT_3D('',#2632,#2076,#2077);
#1793=AXIS2_PLACEMENT_3D('',#2634,#2078,#2079);
#1794=AXIS2_PLACEMENT_3D('',#2636,#2081,#2082);
#1795=AXIS2_PLACEMENT_3D('',#2639,#2084,#2085);
#1796=AXIS2_PLACEMENT_3D('',#2640,#2086,#2087);
#1797=AXIS2_PLACEMENT_3D('',#2642,#2088,#2089);
#1798=AXIS2_PLACEMENT_3D('',#2645,#2091,#2092);
#1799=AXIS2_PLACEMENT_3D('',#2646,#2093,#2094);
#1800=AXIS2_PLACEMENT_3D('',#2648,#2095,#2096);
#1801=AXIS2_PLACEMENT_3D('',#2649,#2097,#2098);
#1802=AXIS2_PLACEMENT_3D('',#2651,#2099,#2100);
#1803=AXIS2_PLACEMENT_3D('',#2653,#2101,#2102);
#1804=AXIS2_PLACEMENT_3D('',#2654,#2103,#2104);
#1805=AXIS2_PLACEMENT_3D('',#2657,#2106,#2107);
#1806=AXIS2_PLACEMENT_3D('',#2658,#2108,#2109);
#1807=AXIS2_PLACEMENT_3D('',#2660,#2110,#2111);
#1808=AXIS2_PLACEMENT_3D('',#2663,#2113,#2114);
#1809=AXIS2_PLACEMENT_3D('',#2664,#2115,#2116);
#1810=AXIS2_PLACEMENT_3D('',#2666,#2117,#2118);
#1811=AXIS2_PLACEMENT_3D('',#2667,#2119,#2120);
#1812=AXIS2_PLACEMENT_3D('',#2669,#2121,#2122);
#1813=AXIS2_PLACEMENT_3D('',#2672,#2124,#2125);
#1814=AXIS2_PLACEMENT_3D('',#2673,#2126,#2127);
#1815=AXIS2_PLACEMENT_3D('',#2675,#2128,#2129);
#1816=AXIS2_PLACEMENT_3D('',#2676,#2130,#2131);
#1817=AXIS2_PLACEMENT_3D('',#2678,#2132,#2133);
#1818=AXIS2_PLACEMENT_3D('',#2681,#2135,#2136);
#1819=AXIS2_PLACEMENT_3D('',#2682,#2137,#2138);
#1820=AXIS2_PLACEMENT_3D('',#2683,#2139,#2140);
#1821=AXIS2_PLACEMENT_3D('',#2685,#2141,#2142);
#1822=AXIS2_PLACEMENT_3D('',#2688,#2144,#2145);
#1823=AXIS2_PLACEMENT_3D('',#2689,#2146,#2147);
#1824=AXIS2_PLACEMENT_3D('',#2690,#2148,#2149);
#1825=AXIS2_PLACEMENT_3D('',#2692,#2150,#2151);
#1826=AXIS2_PLACEMENT_3D('',#2695,#2153,#2154);
#1827=AXIS2_PLACEMENT_3D('',#2696,#2155,#2156);
#1828=AXIS2_PLACEMENT_3D('',#2697,#2157,#2158);
#1829=AXIS2_PLACEMENT_3D('',#2699,#2159,#2160);
#1830=AXIS2_PLACEMENT_3D('',#2702,#2162,#2163);
#1831=AXIS2_PLACEMENT_3D('',#2703,#2164,#2165);
#1832=AXIS2_PLACEMENT_3D('',#2704,#2166,#2167);
#1833=AXIS2_PLACEMENT_3D('',#2706,#2168,#2169);
#1834=AXIS2_PLACEMENT_3D('',#2708,#2171,#2172);
#1835=AXIS2_PLACEMENT_3D('',#2710,#2173,#2174);
#1836=AXIS2_PLACEMENT_3D('',#2712,#2176,#2177);
#1837=AXIS2_PLACEMENT_3D('',#2714,#2179,#2180);
#1838=AXIS2_PLACEMENT_3D('',#2716,#2181,#2182);
#1839=AXIS2_PLACEMENT_3D('',#2718,#2184,#2185);
#1840=AXIS2_PLACEMENT_3D('',#2721,#2186,#2187);
#1841=AXIS2_PLACEMENT_3D('',#2724,#2190,#2191);
#1842=AXIS2_PLACEMENT_3D('',#2732,#2196,#2197);
#1843=AXIS2_PLACEMENT_3D('',#2736,#2199,#2200);
#1844=AXIS2_PLACEMENT_3D('',#2740,#2202,#2203);
#1845=AXIS2_PLACEMENT_3D('',#2744,#2205,#2206);
#1846=AXIS2_PLACEMENT_3D('',#2748,#2208,#2209);
#1847=AXIS2_PLACEMENT_3D('',#2752,#2211,#2212);
#1848=AXIS2_PLACEMENT_3D('',#2756,#2214,#2215);
#1849=AXIS2_PLACEMENT_3D('',#2760,#2217,#2218);
#1850=AXIS2_PLACEMENT_3D('',#2762,#2219,#2220);
#1851=AXIS2_PLACEMENT_3D('',#2766,#2222,#2223);
#1852=AXIS2_PLACEMENT_3D('',#2770,#2225,#2226);
#1853=AXIS2_PLACEMENT_3D('',#2772,#2227,#2228);
#1854=AXIS2_PLACEMENT_3D('',#2775,#2230,#2231);
#1855=AXIS2_PLACEMENT_3D('',#2777,#2233,#2234);
#1856=AXIS2_PLACEMENT_3D('',#2780,#2235,#2236);
#1857=AXIS2_PLACEMENT_3D('',#2783,#2239,#2240);
#1858=AXIS2_PLACEMENT_3D('',#2787,#2243,#2244);
#1859=AXIS2_PLACEMENT_3D('',#2789,#2245,#2246);
#1860=AXIS2_PLACEMENT_3D('',#2791,#2248,#2249);
#1861=AXIS2_PLACEMENT_3D('',#2794,#2250,#2251);
#1862=AXIS2_PLACEMENT_3D('',#2797,#2254,#2255);
#1863=AXIS2_PLACEMENT_3D('',#2801,#2258,#2259);
#1864=AXIS2_PLACEMENT_3D('',#2803,#2260,#2261);
#1865=AXIS2_PLACEMENT_3D('',#2805,#2263,#2264);
#1866=AXIS2_PLACEMENT_3D('',#2809,#2267,#2268);
#1867=AXIS2_PLACEMENT_3D('',#2813,#2271,#2272);
#1868=AXIS2_PLACEMENT_3D('',#2817,#2274,#2275);
#1869=AXIS2_PLACEMENT_3D('',#2819,#2277,#2278);
#1870=AXIS2_PLACEMENT_3D('',#2823,#2282,#2283);
#1871=AXIS2_PLACEMENT_3D('',#2825,#2285,#2286);
#1872=AXIS2_PLACEMENT_3D('',#2827,#2288,#2289);
#1873=AXIS2_PLACEMENT_3D('',#2829,#2291,#2292);
#1874=AXIS2_PLACEMENT_3D('',#2831,#2294,#2295);
#1875=AXIS2_PLACEMENT_3D('',#2833,#2297,#2298);
#1876=AXIS2_PLACEMENT_3D('',#2835,#2300,#2301);
#1877=AXIS2_PLACEMENT_3D('',#2837,#2303,#2304);
#1878=AXIS2_PLACEMENT_3D('',#2843,#2308,#2309);
#1879=AXIS2_PLACEMENT_3D('',#2846,#2311,#2312);
#1880=AXIS2_PLACEMENT_3D('',#2847,#2313,#2314);
#1881=AXIS2_PLACEMENT_3D('',#2850,#2315,#2316);
#1882=AXIS2_PLACEMENT_3D('',#2854,#2318,#2319);
#1883=AXIS2_PLACEMENT_3D('',#2856,#2321,#2322);
#1884=AXIS2_PLACEMENT_3D('',#2858,#2323,#2324);
#1885=AXIS2_PLACEMENT_3D('',#2860,#2325,#2326);
#1886=AXIS2_PLACEMENT_3D('',#2864,#2328,#2329);
#1887=AXIS2_PLACEMENT_3D('',#2869,#2332,#2333);
#1888=AXIS2_PLACEMENT_3D('',#2871,#2334,#2335);
#1889=AXIS2_PLACEMENT_3D('',#2878,#2339,#2340);
#1890=AXIS2_PLACEMENT_3D('',#2879,#2341,#2342);
#1891=AXIS2_PLACEMENT_3D('',#2881,#2343,#2344);
#1892=AXIS2_PLACEMENT_3D('',#2883,#2346,#2347);
#1893=AXIS2_PLACEMENT_3D('',#2885,#2348,#2349);
#1894=AXIS2_PLACEMENT_3D('',#2887,#2351,#2352);
#1895=AXIS2_PLACEMENT_3D('',#2889,#2354,#2355);
#1896=AXIS2_PLACEMENT_3D('',#2891,#2357,#2358);
#1897=AXIS2_PLACEMENT_3D('',#2894,#2360,#2361);
#1898=AXIS2_PLACEMENT_3D('',#2895,#2362,#2363);
#1899=AXIS2_PLACEMENT_3D('',#2899,#2366,#2367);
#1900=AXIS2_PLACEMENT_3D('',#2901,#2369,#2370);
#1901=AXIS2_PLACEMENT_3D('',#2903,#2372,#2373);
#1902=AXIS2_PLACEMENT_3D('',#2904,#2374,#2375);
#1903=AXIS2_PLACEMENT_3D('',#2905,#2376,#2377);
#1904=AXIS2_PLACEMENT_3D('',#2909,#2379,#2380);
#1905=AXIS2_PLACEMENT_3D('',#2913,#2382,#2383);
#1906=AXIS2_PLACEMENT_3D('',#2919,#2386,#2387);
#1907=AXIS2_PLACEMENT_3D('',#2920,#2388,#2389);
#1908=AXIS2_PLACEMENT_3D('',#2921,#2390,#2391);
#1909=AXIS2_PLACEMENT_3D('',#2924,#2394,#2395);
#1910=AXIS2_PLACEMENT_3D('',#2930,#2399,#2400);
#1911=AXIS2_PLACEMENT_3D('',#2931,#2401,#2402);
#1912=AXIS2_PLACEMENT_3D('',#2932,#2403,#2404);
#1913=AXIS2_PLACEMENT_3D('',#2934,#2405,#2406);
#1914=AXIS2_PLACEMENT_3D('',#2936,#2408,#2409);
#1915=AXIS2_PLACEMENT_3D('',#2938,#2411,#2412);
#1916=AXIS2_PLACEMENT_3D('',#2940,#2414,#2415);
#1917=AXIS2_PLACEMENT_3D('',#2941,#2416,#2417);
#1918=AXIS2_PLACEMENT_3D('',#2943,#2419,#2420);
#1919=AXIS2_PLACEMENT_3D('',#2946,#2423,#2424);
#1920=AXIS2_PLACEMENT_3D('',#2947,#2425,#2426);
#1921=AXIS2_PLACEMENT_3D('',#2948,#2427,#2428);
#1922=AXIS2_PLACEMENT_3D('',#2953,#2431,#2432);
#1923=AXIS2_PLACEMENT_3D('',#2955,#2434,#2435);
#1924=AXIS2_PLACEMENT_3D('',#2959,#2438,#2439);
#1925=AXIS2_PLACEMENT_3D('',#2960,#2440,#2441);
#1926=AXIS2_PLACEMENT_3D('',#2966,#2445,#2446);
#1927=AXIS2_PLACEMENT_3D('',#2970,#2449,#2450);
#1928=AXIS2_PLACEMENT_3D('',#2971,#2451,#2452);
#1929=AXIS2_PLACEMENT_3D('',#2973,#2454,#2455);
#1930=AXIS2_PLACEMENT_3D('',#2975,#2456,#2457);
#1931=AXIS2_PLACEMENT_3D('',#2978,#2459,#2460);
#1932=AXIS2_PLACEMENT_3D('',#2979,#2461,#2462);
#1933=AXIS2_PLACEMENT_3D('',#2981,#2464,#2465);
#1934=AXIS2_PLACEMENT_3D('',#2985,#2468,#2469);
#1935=AXIS2_PLACEMENT_3D('',#2989,#2472,#2473);
#1936=AXIS2_PLACEMENT_3D('',#2990,#2474,#2475);
#1937=AXIS2_PLACEMENT_3D('',#2991,#2476,#2477);
#1938=AXIS2_PLACEMENT_3D('',#2992,#2478,#2479);
#1939=AXIS2_PLACEMENT_3D('',#2993,#2480,#2481);
#1940=AXIS2_PLACEMENT_3D('',#2994,#2482,#2483);
#1941=AXIS2_PLACEMENT_3D('',#2995,#2484,#2485);
#1942=DIRECTION('axis',(0.,0.,1.));
#1943=DIRECTION('refdir',(1.,0.,0.));
#1944=DIRECTION('axis',(0.,0.,1.));
#1945=DIRECTION('refdir',(1.,0.,0.));
#1946=DIRECTION('center_axis',(4.93432455388958E-16,0.,-1.));
#1947=DIRECTION('ref_axis',(0.970263895506471,0.242049526082178,7.62832345417826E-16));
#1948=DIRECTION('center_axis',(-3.45484596379917E-32,-4.29532957441591E-32,
1.));
#1949=DIRECTION('ref_axis',(0.970263895506471,0.242049526082178,7.62832345417826E-16));
#1950=DIRECTION('',(0.,3.16095151455946E-79,1.));
#1951=DIRECTION('center_axis',(-3.05311331771918E-16,0.,1.));
#1952=DIRECTION('ref_axis',(0.970263895506471,0.242049526082178,7.62832345417826E-16));
#1953=DIRECTION('',(4.93432455388958E-16,0.,-1.));
#1954=DIRECTION('center_axis',(-3.45484596379917E-32,-4.29532957441591E-32,
1.));
#1955=DIRECTION('ref_axis',(-1.,0.,-3.45484596379917E-32));
#1956=DIRECTION('center_axis',(3.45484596379917E-32,4.29532957441591E-32,
-1.));
#1957=DIRECTION('ref_axis',(-1.,0.,-4.93432455388958E-16));
#1958=DIRECTION('center_axis',(-3.45484596379917E-32,-4.29532957441591E-32,
1.));
#1959=DIRECTION('ref_axis',(0.970263895506471,-0.242049526082178,7.62832345417826E-16));
#1960=DIRECTION('',(6.40604702839779E-64,-1.,-4.29532957441591E-32));
#1961=DIRECTION('center_axis',(-3.45484596379917E-32,-4.29532957441591E-32,
1.));
#1962=DIRECTION('ref_axis',(1.,0.,0.));
#1963=DIRECTION('center_axis',(3.45484596379917E-32,4.29532957441591E-32,
-1.));
#1964=DIRECTION('ref_axis',(0.707106781186548,-0.707106781186547,0.));
#1965=DIRECTION('',(9.40245829735652E-64,-1.,-4.29532957441591E-32));
#1966=DIRECTION('center_axis',(3.45484596379917E-32,4.29532957441591E-32,
-1.));
#1967=DIRECTION('ref_axis',(0.707106781186548,0.707106781186547,0.));
#1968=DIRECTION('',(1.,0.,3.45484596379917E-32));
#1969=DIRECTION('center_axis',(3.45484596379917E-32,4.29532957441591E-32,
-1.));
#1970=DIRECTION('ref_axis',(-0.707106781186548,0.707106781186547,0.));
#1971=DIRECTION('',(-1.58959126395664E-47,1.,4.29532957441591E-32));
#1972=DIRECTION('center_axis',(-3.45484596379917E-32,-4.29532957441591E-32,
1.));
#1973=DIRECTION('ref_axis',(0.707106781186548,-0.707106781186547,1.04672830578918E-15));
#1974=DIRECTION('',(1.,0.,3.45484596379917E-32));
#1975=DIRECTION('center_axis',(3.45484596379917E-32,4.29532957441591E-32,
-1.));
#1976=DIRECTION('ref_axis',(-0.707106781186548,0.707106781186547,0.));
#1977=DIRECTION('',(0.,1.,4.29532957441591E-32));
#1978=DIRECTION('center_axis',(3.45484596379917E-32,4.29532957441591E-32,
-1.));
#1979=DIRECTION('ref_axis',(-0.707106781186548,-0.707106781186547,0.));
#1980=DIRECTION('center_axis',(-3.45484596379917E-32,-4.29532957441591E-32,
1.));
#1981=DIRECTION('ref_axis',(-1.,0.,-7.40148683083437E-16));
#1982=DIRECTION('',(-1.58959126395664E-47,1.,4.29532957441591E-32));
#1983=DIRECTION('',(1.,1.50538714290922E-16,0.));
#1984=DIRECTION('',(0.,1.,0.));
#1985=DIRECTION('center_axis',(-3.45484596379917E-32,-4.29532957441591E-32,
1.));
#1986=DIRECTION('ref_axis',(-0.707106781186547,0.707106781186547,0.));
#1987=DIRECTION('',(1.,0.,0.));
#1988=DIRECTION('center_axis',(-3.45484596379917E-32,-4.29532957441591E-32,
1.));
#1989=DIRECTION('ref_axis',(0.707106781186548,0.707106781186547,0.));
#1990=DIRECTION('',(0.,-1.,0.));
#1991=DIRECTION('',(1.,1.50538714290922E-16,0.));
#1992=DIRECTION('center_axis',(4.90311230521371E-32,8.59610345718203E-44,
1.));
#1993=DIRECTION('ref_axis',(7.3635304880942E-14,-1.,8.23506128772213E-44));
#1994=DIRECTION('',(6.40604702839779E-64,-1.,-4.29532957441591E-32));
#1995=DIRECTION('center_axis',(4.93432455388958E-16,0.,-1.));
#1996=DIRECTION('ref_axis',(-1.,0.,-4.93432455388958E-16));
#1997=DIRECTION('center_axis',(3.05311331771918E-16,-7.03766330665917E-67,
-1.));
#1998=DIRECTION('ref_axis',(-1.,0.,-3.05311331771918E-16));
#1999=DIRECTION('',(-4.93432455388958E-16,0.,1.));
#2000=DIRECTION('center_axis',(-4.93432455388958E-16,0.,1.));
#2001=DIRECTION('ref_axis',(0.970263895506471,-0.242049526082178,7.62832345417826E-16));
#2002=DIRECTION('center_axis',(-3.05311331771918E-16,0.,1.));
#2003=DIRECTION('ref_axis',(0.970263895506471,-0.242049526082178,7.62832345417826E-16));
#2004=DIRECTION('',(0.,-3.16095151455946E-79,-1.));
#2005=DIRECTION('center_axis',(1.,6.40604702839779E-64,0.));
#2006=DIRECTION('ref_axis',(6.40604702839779E-64,-1.,-2.09820152800074E-48));
#2007=DIRECTION('',(6.40604702839779E-64,-1.,1.95583874963367E-79));
#2008=DIRECTION('',(0.,0.,1.));
#2009=DIRECTION('center_axis',(0.,0.,1.));
#2010=DIRECTION('ref_axis',(0.784310045917902,-0.620369044901709,0.));
#2011=DIRECTION('center_axis',(3.05311331771918E-16,0.,-1.));
#2012=DIRECTION('ref_axis',(0.784310045917902,-0.620369044901709,0.));
#2013=DIRECTION('',(0.,0.,-1.));
#2014=DIRECTION('center_axis',(3.05311331771918E-16,0.,-1.));
#2015=DIRECTION('ref_axis',(0.784310045917902,-0.620369044901709,0.));
#2016=DIRECTION('',(-3.29750609866812E-16,1.78031193093663E-16,1.));
#2017=DIRECTION('center_axis',(3.05311331771918E-16,0.,-1.));
#2018=DIRECTION('ref_axis',(-1.,0.,-3.05311331771918E-16));
#2019=DIRECTION('center_axis',(-3.05311331771918E-16,0.,1.));
#2020=DIRECTION('ref_axis',(-0.942425547101586,-0.334416040539739,0.));
#2021=DIRECTION('center_axis',(3.05311331771918E-16,0.,-1.));
#2022=DIRECTION('ref_axis',(2.60806342353294E-5,0.9999999996599,7.9627131718447E-21));
#2023=DIRECTION('center_axis',(-3.05311331771918E-16,0.,1.));
#2024=DIRECTION('ref_axis',(-0.961111357879985,-0.276161108330069,0.));
#2025=DIRECTION('',(0.,1.,0.));
#2026=DIRECTION('center_axis',(3.05311331771918E-16,0.,-1.));
#2027=DIRECTION('ref_axis',(-1.,2.27738056333365E-15,-3.05311331771918E-16));
#2028=DIRECTION('',(9.68467629177581E-33,-1.,-3.17206578464331E-17));
#2029=DIRECTION('',(1.,0.,3.05311331771918E-16));
#2030=DIRECTION('center_axis',(3.05311331771918E-16,0.,-1.));
#2031=DIRECTION('ref_axis',(0.707106781186548,-0.707106781186547,0.));
#2032=DIRECTION('',(0.,1.,0.));
#2033=DIRECTION('center_axis',(3.05311331771918E-16,0.,-1.));
#2034=DIRECTION('ref_axis',(0.707106781186548,0.707106781186547,0.));
#2035=DIRECTION('',(-1.,0.,-3.05311331771918E-16));
#2036=DIRECTION('center_axis',(-3.05311331771918E-16,0.,1.));
#2037=DIRECTION('ref_axis',(-0.707106781186548,-0.707106781186547,0.));
#2038=DIRECTION('',(0.,1.,0.));
#2039=DIRECTION('center_axis',(3.05311331771918E-16,0.,-1.));
#2040=DIRECTION('ref_axis',(-0.333333323399227,0.9428090450943,0.));
#2041=DIRECTION('center_axis',(3.05311331771918E-16,0.,-1.));
#2042=DIRECTION('ref_axis',(-1.,0.,-2.73285667600038E-16));
#2043=DIRECTION('center_axis',(-3.29750609866812E-16,1.78031193093663E-16,
1.));
#2044=DIRECTION('ref_axis',(-0.942425547101586,-0.334416040539739,0.));
#2045=DIRECTION('center_axis',(-3.05311331771918E-16,0.,1.));
#2046=DIRECTION('ref_axis',(-0.942425547101586,-0.334416040539739,0.));
#2047=DIRECTION('',(0.,0.,-1.));
#2048=DIRECTION('center_axis',(-3.05311331771918E-16,0.,1.));
#2049=DIRECTION('ref_axis',(-0.942425547101586,-0.334416040539739,0.));
#2050=DIRECTION('',(-4.03717463500057E-16,0.,1.));
#2051=DIRECTION('center_axis',(4.03717463500057E-16,0.,-1.));
#2052=DIRECTION('ref_axis',(2.60806342353294E-5,0.9999999996599,1.05292074999599E-20));
#2053=DIRECTION('center_axis',(3.05311331771918E-16,0.,-1.));
#2054=DIRECTION('ref_axis',(2.60806342353294E-5,0.9999999996599,1.05292074999599E-20));
#2055=DIRECTION('',(4.03717463500057E-16,0.,-1.));
#2056=DIRECTION('center_axis',(4.03717463500057E-16,0.,-1.));
#2057=DIRECTION('ref_axis',(-0.961111357879985,-0.276161108330069,0.));
#2058=DIRECTION('center_axis',(-3.05311331771918E-16,0.,1.));
#2059=DIRECTION('ref_axis',(-0.961111357879985,-0.276161108330069,0.));
#2060=DIRECTION('',(0.,0.,1.));
#2061=DIRECTION('center_axis',(3.05311331771918E-16,0.,-1.));
#2062=DIRECTION('ref_axis',(-1.,0.,-3.05311331771918E-16));
#2063=DIRECTION('center_axis',(-3.05311331771918E-16,0.,1.));
#2064=DIRECTION('ref_axis',(-0.707106781186549,-0.707106781186546,0.));
#2065=DIRECTION('',(-1.,0.,-3.05311331771918E-16));
#2066=DIRECTION('center_axis',(3.05311331771918E-16,0.,-1.));
#2067=DIRECTION('ref_axis',(0.707106781186548,0.707106781186547,0.));
#2068=DIRECTION('',(0.,1.,0.));
#2069=DIRECTION('',(1.,0.,3.05311331771918E-16));
#2070=DIRECTION('center_axis',(3.05311331771918E-16,0.,-1.));
#2071=DIRECTION('ref_axis',(-1.,2.27738056333365E-15,-2.27738056333365E-16));
#2072=DIRECTION('',(0.,1.,0.));
#2073=DIRECTION('center_axis',(-1.,0.,0.));
#2074=DIRECTION('ref_axis',(0.,1.,0.));
#2075=DIRECTION('',(2.27738056333365E-16,0.,-1.));
#2076=DIRECTION('center_axis',(0.,0.,-1.));
#2077=DIRECTION('ref_axis',(-0.707106781186549,-0.707106781186546,0.));
#2078=DIRECTION('center_axis',(-3.05311331771918E-16,0.,1.));
#2079=DIRECTION('ref_axis',(-0.707106781186549,-0.707106781186546,0.));
#2080=DIRECTION('',(0.,0.,-1.));
#2081=DIRECTION('center_axis',(0.,0.,1.));
#2082=DIRECTION('ref_axis',(-0.333333323399227,0.9428090450943,0.));
#2083=DIRECTION('',(0.,0.,-1.));
#2084=DIRECTION('center_axis',(-3.05311331771918E-16,0.,1.));
#2085=DIRECTION('ref_axis',(-0.333333323399227,0.9428090450943,0.));
#2086=DIRECTION('center_axis',(-1.20024110770287E-16,0.,-1.));
#2087=DIRECTION('ref_axis',(-1.,0.,1.20024110770287E-16));
#2088=DIRECTION('center_axis',(9.71445146547011E-17,-7.54992501623808E-36,
1.));
#2089=DIRECTION('ref_axis',(-1.,0.,0.));
#2090=DIRECTION('',(-1.20024110770287E-16,0.,-1.));
#2091=DIRECTION('center_axis',(0.,0.104528463267653,0.994521895368273));
#2092=DIRECTION('ref_axis',(-1.25459358538847E-17,0.994521895368273,-0.104528463267653));
#2093=DIRECTION('center_axis',(-9.71445146547011E-17,7.54992501623808E-36,
-1.));
#2094=DIRECTION('ref_axis',(-1.,0.,9.71445146547011E-17));
#2095=DIRECTION('center_axis',(-9.71445146547011E-17,7.54992501623808E-36,
-1.));
#2096=DIRECTION('ref_axis',(-1.,0.,-2.73285667600038E-16));
#2097=DIRECTION('center_axis',(-9.71445146547011E-17,7.54992501623808E-36,
-1.));
#2098=DIRECTION('ref_axis',(-1.,0.,9.71445146547011E-17));
#2099=DIRECTION('center_axis',(9.71445146547011E-17,-7.54992501623808E-36,
1.));
#2100=DIRECTION('ref_axis',(-1.,0.,1.58603289232165E-16));
#2101=DIRECTION('center_axis',(-9.71445146547011E-17,7.54992501623808E-36,
-1.));
#2102=DIRECTION('ref_axis',(-1.,0.,-2.73285667600038E-16));
#2103=DIRECTION('center_axis',(-1.20024110770287E-16,0.,-1.));
#2104=DIRECTION('ref_axis',(-1.,0.,1.20024110770287E-16));
#2105=DIRECTION('',(-1.20024110770287E-16,0.,-1.));
#2106=DIRECTION('center_axis',(0.,0.104528463267653,0.994521895368273));
#2107=DIRECTION('ref_axis',(-1.25459358538847E-17,0.994521895368273,-0.104528463267653));
#2108=DIRECTION('center_axis',(-1.20024110770287E-16,0.,-1.));
#2109=DIRECTION('ref_axis',(-1.,0.,1.20024110770287E-16));
#2110=DIRECTION('center_axis',(9.71445146547011E-17,-7.54992501623808E-36,
1.));
#2111=DIRECTION('ref_axis',(-1.,0.,1.58603289232165E-16));
#2112=DIRECTION('',(-1.20024110770287E-16,0.,-1.));
#2113=DIRECTION('center_axis',(0.,0.104528463267653,0.994521895368273));
#2114=DIRECTION('ref_axis',(-1.25459358538847E-17,0.994521895368273,-0.104528463267653));
#2115=DIRECTION('center_axis',(-9.71445146547011E-17,7.54992501623808E-36,
-1.));
#2116=DIRECTION('ref_axis',(-1.,0.,9.71445146547011E-17));
#2117=DIRECTION('center_axis',(-9.71445146547011E-17,7.54992501623808E-36,
-1.));
#2118=DIRECTION('ref_axis',(-1.,0.,-2.73285667600038E-16));
#2119=DIRECTION('center_axis',(-1.20024110770287E-16,0.,-1.));
#2120=DIRECTION('ref_axis',(-1.,0.,1.20024110770287E-16));
#2121=DIRECTION('center_axis',(9.71445146547011E-17,-7.54992501623808E-36,
1.));
#2122=DIRECTION('ref_axis',(-1.,0.,0.));
#2123=DIRECTION('',(-1.20024110770287E-16,0.,-1.));
#2124=DIRECTION('center_axis',(0.,0.104528463267653,0.994521895368273));
#2125=DIRECTION('ref_axis',(-1.25459358538847E-17,0.994521895368273,-0.104528463267653));
#2126=DIRECTION('center_axis',(-9.71445146547011E-17,7.54992501623808E-36,
-1.));
#2127=DIRECTION('ref_axis',(-1.,0.,9.71445146547011E-17));
#2128=DIRECTION('center_axis',(-9.71445146547011E-17,7.54992501623808E-36,
-1.));
#2129=DIRECTION('ref_axis',(-1.,0.,-2.73285667600038E-16));
#2130=DIRECTION('center_axis',(0.,0.10452846326765,0.994521895368274));
#2131=DIRECTION('ref_axis',(1.,0.,0.));
#2132=DIRECTION('center_axis',(0.,0.104528463267653,0.994521895368273));
#2133=DIRECTION('ref_axis',(1.,0.,0.));
#2134=DIRECTION('',(0.,0.10452846326765,0.994521895368274));
#2135=DIRECTION('center_axis',(0.,0.104528463267653,0.994521895368273));
#2136=DIRECTION('ref_axis',(1.,0.,0.));
#2137=DIRECTION('center_axis',(0.,-0.104528463267653,-0.994521895368273));
#2138=DIRECTION('ref_axis',(1.,0.,0.));
#2139=DIRECTION('center_axis',(0.,0.10452846326765,0.994521895368274));
#2140=DIRECTION('ref_axis',(1.,0.,0.));
#2141=DIRECTION('center_axis',(0.,0.104528463267653,0.994521895368273));
#2142=DIRECTION('ref_axis',(1.,0.,0.));
#2143=DIRECTION('',(0.,0.10452846326765,0.994521895368274));
#2144=DIRECTION('center_axis',(0.,0.104528463267653,0.994521895368273));
#2145=DIRECTION('ref_axis',(1.,0.,0.));
#2146=DIRECTION('center_axis',(0.,-0.104528463267653,-0.994521895368273));
#2147=DIRECTION('ref_axis',(1.,0.,0.));
#2148=DIRECTION('center_axis',(0.,0.104528463267651,0.994521895368274));
#2149=DIRECTION('ref_axis',(1.,0.,0.));
#2150=DIRECTION('center_axis',(0.,0.104528463267653,0.994521895368273));
#2151=DIRECTION('ref_axis',(1.,0.,0.));
#2152=DIRECTION('',(0.,0.104528463267651,0.994521895368274));
#2153=DIRECTION('center_axis',(0.,0.104528463267653,0.994521895368273));
#2154=DIRECTION('ref_axis',(1.,0.,0.));
#2155=DIRECTION('center_axis',(0.,-0.104528463267653,-0.994521895368273));
#2156=DIRECTION('ref_axis',(1.,0.,0.));
#2157=DIRECTION('center_axis',(0.,0.104528463267651,0.994521895368274));
#2158=DIRECTION('ref_axis',(1.,0.,0.));
#2159=DIRECTION('center_axis',(0.,0.104528463267653,0.994521895368273));
#2160=DIRECTION('ref_axis',(1.,0.,0.));
#2161=DIRECTION('',(0.,0.104528463267651,0.994521895368274));
#2162=DIRECTION('center_axis',(0.,0.104528463267653,0.994521895368273));
#2163=DIRECTION('ref_axis',(1.,0.,0.));
#2164=DIRECTION('center_axis',(0.,-0.104528463267653,-0.994521895368273));
#2165=DIRECTION('ref_axis',(1.,0.,0.));
#2166=DIRECTION('center_axis',(2.73285667600038E-16,0.,-1.));
#2167=DIRECTION('ref_axis',(-1.,0.,-2.73285667600038E-16));
#2168=DIRECTION('center_axis',(3.05311331771918E-16,0.,-1.));
#2169=DIRECTION('ref_axis',(-1.,0.,-2.73285667600038E-16));
#2170=DIRECTION('',(2.73285667600038E-16,0.,-1.));
#2171=DIRECTION('center_axis',(2.73285667600039E-16,0.,-1.));
#2172=DIRECTION('ref_axis',(-1.,0.,-2.73285667600038E-16));
#2173=DIRECTION('center_axis',(3.05311331771918E-16,0.,-1.));
#2174=DIRECTION('ref_axis',(-1.,0.,-2.73285667600038E-16));
#2175=DIRECTION('',(2.73285667600038E-16,0.,-1.));
#2176=DIRECTION('center_axis',(2.73285667600038E-16,0.,-1.));
#2177=DIRECTION('ref_axis',(-1.,0.,-2.73285667600038E-16));
#2178=DIRECTION('',(2.73285667600038E-16,0.,-1.));
#2179=DIRECTION('center_axis',(2.73285667600039E-16,0.,-1.));
#2180=DIRECTION('ref_axis',(-1.,0.,-2.73285667600038E-16));
#2181=DIRECTION('center_axis',(3.05311331771918E-16,0.,-1.));
#2182=DIRECTION('ref_axis',(-1.,0.,-2.73285667600038E-16));
#2183=DIRECTION('',(2.73285667600038E-16,0.,-1.));
#2184=DIRECTION('center_axis',(2.53765262771464E-16,0.,-1.));
#2185=DIRECTION('ref_axis',(0.707106781186548,0.707106781186547,0.));
#2186=DIRECTION('center_axis',(3.05311331771918E-16,0.,-1.));
#2187=DIRECTION('ref_axis',(0.707106781186548,0.707106781186547,0.));
#2188=DIRECTION('',(2.53765262771464E-16,0.,-1.));
#2189=DIRECTION('',(-2.53765262771464E-16,0.,1.));
#2190=DIRECTION('center_axis',(-1.,0.,-2.53765262771464E-16));
#2191=DIRECTION('ref_axis',(0.,1.,0.));
#2192=DIRECTION('',(0.,1.,0.));
#2193=DIRECTION('',(-2.53765262771464E-16,0.,1.));
#2194=DIRECTION('',(0.,1.,0.));
#2195=DIRECTION('',(2.53765262771464E-16,0.,-1.));
#2196=DIRECTION('center_axis',(3.05311331771918E-16,0.,-1.));
#2197=DIRECTION('ref_axis',(-1.,0.,-3.05311331771918E-16));
#2198=DIRECTION('',(0.,1.,0.));
#2199=DIRECTION('center_axis',(-3.05311331771918E-16,0.,1.));
#2200=DIRECTION('ref_axis',(-0.707106781186548,-0.707106781186547,0.));
#2201=DIRECTION('',(-1.,0.,-3.05311331771918E-16));
#2202=DIRECTION('center_axis',(3.05311331771918E-16,0.,-1.));
#2203=DIRECTION('ref_axis',(0.707106781186548,0.707106781186547,0.));
#2204=DIRECTION('',(0.,1.,0.));
#2205=DIRECTION('center_axis',(-3.05311331771918E-16,0.,1.));
#2206=DIRECTION('ref_axis',(-0.707106781186548,0.707106781186547,0.));
#2207=DIRECTION('',(1.,0.,3.05311331771918E-16));
#2208=DIRECTION('center_axis',(3.05311331771918E-16,0.,-1.));
#2209=DIRECTION('ref_axis',(0.707106781186548,-0.707106781186547,1.04672830578918E-15));
#2210=DIRECTION('',(0.,1.,0.));
#2211=DIRECTION('center_axis',(-3.05311331771918E-16,0.,1.));
#2212=DIRECTION('ref_axis',(-0.707106781186548,0.707106781186547,0.));
#2213=DIRECTION('',(1.,0.,3.05311331771918E-16));
#2214=DIRECTION('center_axis',(-3.05311331771918E-16,0.,1.));
#2215=DIRECTION('ref_axis',(0.707106781186548,0.707106781186547,0.));
#2216=DIRECTION('',(9.40245829735652E-64,-1.,-3.07962964977029E-48));
#2217=DIRECTION('center_axis',(-3.05311331771918E-16,0.,1.));
#2218=DIRECTION('ref_axis',(0.707106781186548,0.707106781186548,0.));
#2219=DIRECTION('center_axis',(3.05311331771918E-16,0.,-1.));
#2220=DIRECTION('ref_axis',(1.,0.,0.));
#2221=DIRECTION('',(0.,-1.,0.));
#2222=DIRECTION('center_axis',(-3.05311331771918E-16,0.,1.));
#2223=DIRECTION('ref_axis',(0.707106781186548,-0.707106781186548,0.));
#2224=DIRECTION('',(-1.,-1.94349765638391E-16,-3.05311331771918E-16));
#2225=DIRECTION('center_axis',(3.05311331771918E-16,0.,-1.));
#2226=DIRECTION('ref_axis',(0.,-1.,0.));
#2227=DIRECTION('center_axis',(-3.05311331771918E-16,0.,1.));
#2228=DIRECTION('ref_axis',(0.707106781186547,-0.707106781186547,0.));
#2229=DIRECTION('',(-1.,0.,-3.05311331771918E-16));
#2230=DIRECTION('center_axis',(-3.05311331771918E-16,0.,1.));
#2231=DIRECTION('ref_axis',(-0.707106781186548,-0.707106781186547,0.));
#2232=DIRECTION('',(-1.,0.,-3.05311331771918E-16));
#2233=DIRECTION('center_axis',(-7.85046226417362E-16,0.,1.));
#2234=DIRECTION('ref_axis',(0.,-1.,0.));
#2235=DIRECTION('center_axis',(2.53765262771464E-16,0.,-1.));
#2236=DIRECTION('ref_axis',(0.,-1.,0.));
#2237=DIRECTION('',(-7.85046226417362E-16,0.,1.));
#2238=DIRECTION('',(7.85046226417362E-16,0.,-1.));
#2239=DIRECTION('center_axis',(1.94349765638391E-16,-1.,4.93192193467987E-32));
#2240=DIRECTION('ref_axis',(-1.,-1.94349765638391E-16,-3.05311331771918E-16));
#2241=DIRECTION('',(0.,4.93192193467987E-32,1.));
#2242=DIRECTION('',(-1.,-1.94349765638391E-16,-3.05311331771918E-16));
#2243=DIRECTION('center_axis',(2.53765262771464E-16,0.,-1.));
#2244=DIRECTION('ref_axis',(0.707106781186547,-0.707106781186547,0.));
#2245=DIRECTION('center_axis',(-2.53765262771464E-16,0.,1.));
#2246=DIRECTION('ref_axis',(0.707106781186547,-0.707106781186547,0.));
#2247=DIRECTION('',(-2.53765262771464E-16,0.,1.));
#2248=DIRECTION('center_axis',(0.,0.,1.));
#2249=DIRECTION('ref_axis',(0.707106781186548,0.707106781186547,0.));
#2250=DIRECTION('center_axis',(-3.05311331771918E-16,0.,1.));
#2251=DIRECTION('ref_axis',(0.707106781186548,0.707106781186547,0.));
#2252=DIRECTION('',(0.,0.,1.));
#2253=DIRECTION('',(0.,0.,-1.));
#2254=DIRECTION('center_axis',(0.,-1.,0.));
#2255=DIRECTION('ref_axis',(1.,0.,0.));
#2256=DIRECTION('',(0.,0.,1.));
#2257=DIRECTION('',(-1.,0.,-3.05311331771918E-16));
#2258=DIRECTION('center_axis',(0.,0.,1.));
#2259=DIRECTION('ref_axis',(-0.707106781186547,0.707106781186547,0.));
#2260=DIRECTION('center_axis',(-3.05311331771918E-16,0.,1.));
#2261=DIRECTION('ref_axis',(-0.707106781186547,0.707106781186547,0.));
#2262=DIRECTION('',(0.,0.,-1.));
#2263=DIRECTION('center_axis',(1.,0.,0.));
#2264=DIRECTION('ref_axis',(0.,1.,0.));
#2265=DIRECTION('',(0.,0.,1.));
#2266=DIRECTION('',(0.,-1.,0.));
#2267=DIRECTION('center_axis',(-1.,0.,0.));
#2268=DIRECTION('ref_axis',(0.,-1.,0.));
#2269=DIRECTION('',(0.,1.,0.));
#2270=DIRECTION('',(0.,0.,1.));
#2271=DIRECTION('center_axis',(0.,0.,-1.));
#2272=DIRECTION('ref_axis',(-0.707106781186548,-0.707106781186547,0.));
#2273=DIRECTION('',(0.,0.,1.));
#2274=DIRECTION('center_axis',(-3.05311331771918E-16,0.,1.));
#2275=DIRECTION('ref_axis',(-0.707106781186548,-0.707106781186547,0.));
#2276=DIRECTION('',(-7.40148683083437E-16,2.61682067673721E-16,1.));
#2277=DIRECTION('center_axis',(-1.,0.,0.));
#2278=DIRECTION('ref_axis',(0.,1.,0.));
#2279=DIRECTION('',(0.,0.,-1.));
#2280=DIRECTION('',(0.,0.,-1.));
#2281=DIRECTION('',(0.,0.,1.));
#2282=DIRECTION('center_axis',(0.,0.,-1.));
#2283=DIRECTION('ref_axis',(-0.707106781186548,0.707106781186547,0.));
#2284=DIRECTION('',(0.,0.,1.));
#2285=DIRECTION('center_axis',(0.,1.,0.));
#2286=DIRECTION('ref_axis',(1.,0.,3.05311331771918E-16));
#2287=DIRECTION('',(3.70074341541719E-16,0.,-1.));
#2288=DIRECTION('center_axis',(3.70074341541719E-16,0.,-1.));
#2289=DIRECTION('ref_axis',(0.707106781186548,-0.707106781186547,1.04672830578918E-15));
#2290=DIRECTION('',(-3.70074341541719E-16,0.,1.));
#2291=DIRECTION('center_axis',(-1.,0.,-3.70074341541719E-16));
#2292=DIRECTION('ref_axis',(0.,1.,0.));
#2293=DIRECTION('',(3.70074341541719E-16,0.,-1.));
#2294=DIRECTION('center_axis',(3.70074341541719E-16,0.,-1.));
#2295=DIRECTION('ref_axis',(-0.707106781186548,0.707106781186547,0.));
#2296=DIRECTION('',(-3.70074341541719E-16,0.,1.));
#2297=DIRECTION('center_axis',(0.,1.,0.));
#2298=DIRECTION('ref_axis',(1.,0.,3.05311331771918E-16));
#2299=DIRECTION('',(0.,0.,-1.));
#2300=DIRECTION('center_axis',(0.,0.,-1.));
#2301=DIRECTION('ref_axis',(0.707106781186548,0.707106781186547,0.));
#2302=DIRECTION('',(0.,0.,1.));
#2303=DIRECTION('center_axis',(1.,9.40245829735652E-64,0.));
#2304=DIRECTION('ref_axis',(9.40245829735652E-64,-1.,-3.07962964977029E-48));
#2305=DIRECTION('',(0.,0.,-1.));
#2306=DIRECTION('',(9.40245829735652E-64,-1.,2.87067706469584E-79));
#2307=DIRECTION('',(0.,0.,1.));
#2308=DIRECTION('center_axis',(0.,0.,-1.));
#2309=DIRECTION('ref_axis',(0.707106781186548,-0.707106781186547,0.));
#2310=DIRECTION('',(0.,0.,-1.));
#2311=DIRECTION('center_axis',(-3.05311331771918E-16,0.,1.));
#2312=DIRECTION('ref_axis',(0.707106781186548,-0.707106781186547,0.));
#2313=DIRECTION('center_axis',(0.,0.,-1.));
#2314=DIRECTION('ref_axis',(-0.855417781718609,-0.517938624471678,0.));
#2315=DIRECTION('center_axis',(-3.05311331771918E-16,0.,1.));
#2316=DIRECTION('ref_axis',(-0.855417781718609,-0.517938624471678,0.));
#2317=DIRECTION('',(0.,0.,1.));
#2318=DIRECTION('center_axis',(-3.05311331771918E-16,0.,1.));
#2319=DIRECTION('ref_axis',(-0.855417781718609,-0.517938624471678,0.));
#2320=DIRECTION('',(0.,0.,-1.));
#2321=DIRECTION('center_axis',(3.05311331771918E-16,0.,-1.));
#2322=DIRECTION('ref_axis',(-1.,0.,-3.05311331771918E-16));
#2323=DIRECTION('center_axis',(-3.05311331771918E-16,0.,1.));
#2324=DIRECTION('ref_axis',(0.666691323436323,0.745333938080593,2.03548415839126E-16));
#2325=DIRECTION('center_axis',(-3.05311331771918E-16,0.,1.));
#2326=DIRECTION('ref_axis',(-0.968248206852864,0.249990819683872,0.));
#2327=DIRECTION('',(-1.29814856038721E-32,1.,4.25188463478648E-17));
#2328=DIRECTION('center_axis',(3.05311331771918E-16,0.,-1.));
#2329=DIRECTION('ref_axis',(7.60008051706914E-49,-1.,0.));
#2330=DIRECTION('',(-1.,0.,-3.05311331771918E-16));
#2331=DIRECTION('',(0.,1.,0.));
#2332=DIRECTION('center_axis',(3.05311331771918E-16,0.,-1.));
#2333=DIRECTION('ref_axis',(-1.,0.,-7.40148683083437E-16));
#2334=DIRECTION('center_axis',(3.05311331771918E-16,0.,-1.));
#2335=DIRECTION('ref_axis',(0.707106781186548,-0.707106781186547,0.));
#2336=DIRECTION('',(1.,0.,3.05311331771918E-16));
#2337=DIRECTION('',(-2.46067532821343E-33,1.,-7.51272061515142E-49));
#2338=DIRECTION('',(-1.,0.,-3.05311331771918E-16));
#2339=DIRECTION('center_axis',(3.05311331771918E-16,0.,-1.));
#2340=DIRECTION('ref_axis',(0.96944379289077,0.245313539018045,0.));
#2341=DIRECTION('center_axis',(0.,0.,-1.));
#2342=DIRECTION('ref_axis',(0.666691323436323,0.745333938080593,0.));
#2343=DIRECTION('center_axis',(-3.05311331771918E-16,0.,1.));
#2344=DIRECTION('ref_axis',(0.666691323436323,0.745333938080593,0.));
#2345=DIRECTION('',(0.,0.,1.));
#2346=DIRECTION('center_axis',(0.,0.,-1.));
#2347=DIRECTION('ref_axis',(-0.968248206852864,0.249990819683872,0.));
#2348=DIRECTION('center_axis',(-3.05311331771918E-16,0.,1.));
#2349=DIRECTION('ref_axis',(-0.968248206852864,0.249990819683872,0.));
#2350=DIRECTION('',(0.,0.,-1.));
#2351=DIRECTION('center_axis',(-7.40148683083437E-16,2.61682067673721E-16,
1.));
#2352=DIRECTION('ref_axis',(-1.,0.,-7.40148683083437E-16));
#2353=DIRECTION('',(7.40148683083437E-16,-2.61682067673721E-16,-1.));
#2354=DIRECTION('center_axis',(-1.,0.,-3.70074341541719E-16));
#2355=DIRECTION('ref_axis',(0.,1.,0.));
#2356=DIRECTION('',(-3.70074341541719E-16,0.,1.));
#2357=DIRECTION('center_axis',(0.,0.,1.));
#2358=DIRECTION('ref_axis',(0.96944379289077,0.245313539018045,0.));
#2359=DIRECTION('',(0.,0.,1.));
#2360=DIRECTION('center_axis',(3.05311331771918E-16,0.,-1.));
#2361=DIRECTION('ref_axis',(0.96944379289077,0.245313539018045,0.));
#2362=DIRECTION('center_axis',(0.,-1.,0.));
#2363=DIRECTION('ref_axis',(-1.,0.,-3.05311331771918E-16));
#2364=DIRECTION('',(2.27738056333365E-16,0.,-1.));
#2365=DIRECTION('',(-1.,0.,-3.05311331771918E-16));
#2366=DIRECTION('center_axis',(0.,0.,-1.));
#2367=DIRECTION('ref_axis',(0.707106781186548,-0.707106781186547,0.));
#2368=DIRECTION('',(0.,0.,-1.));
#2369=DIRECTION('center_axis',(0.,0.,-1.));
#2370=DIRECTION('ref_axis',(0.707106781186548,0.707106781186547,0.));
#2371=DIRECTION('',(0.,0.,1.));
#2372=DIRECTION('center_axis',(0.,0.,-1.));
#2373=DIRECTION('ref_axis',(1.,0.,0.));
#2374=DIRECTION('center_axis',(3.05311331771918E-16,0.,-1.));
#2375=DIRECTION('ref_axis',(1.,0.,0.));
#2376=DIRECTION('center_axis',(3.05311331771918E-16,0.,-1.));
#2377=DIRECTION('ref_axis',(-1.,0.,-3.05311331771918E-16));
#2378=DIRECTION('',(6.40604702839779E-64,-1.,1.95583874963367E-79));
#2379=DIRECTION('center_axis',(3.05311331771918E-16,0.,-1.));
#2380=DIRECTION('ref_axis',(1.,0.,3.05311331771918E-16));
#2381=DIRECTION('',(-1.26882631385732E-16,1.,-2.8941412898467E-32));
#2382=DIRECTION('center_axis',(3.05311331771918E-16,0.,-1.));
#2383=DIRECTION('ref_axis',(0.,1.,0.));
#2384=DIRECTION('',(-1.,0.,-2.41870016079052E-16));
#2385=DIRECTION('',(0.,-1.,0.));
#2386=DIRECTION('center_axis',(3.05311331771918E-16,0.,-1.));
#2387=DIRECTION('ref_axis',(1.,0.,0.));
#2388=DIRECTION('center_axis',(-3.05311331771918E-16,0.,1.));
#2389=DIRECTION('ref_axis',(0.707106781186548,0.707106781186548,0.));
#2390=DIRECTION('center_axis',(0.,0.,1.));
#2391=DIRECTION('ref_axis',(1.,0.,0.));
#2392=DIRECTION('',(0.,0.,1.));
#2393=DIRECTION('',(0.,0.,-1.));
#2394=DIRECTION('center_axis',(1.,0.,0.));
#2395=DIRECTION('ref_axis',(0.,-1.,0.));
#2396=DIRECTION('',(0.,0.,1.));
#2397=DIRECTION('',(0.,-1.,0.));
#2398=DIRECTION('',(0.,-4.93192193467987E-32,-1.));
#2399=DIRECTION('center_axis',(0.,0.,-1.));
#2400=DIRECTION('ref_axis',(0.707106781186548,0.707106781186548,0.));
#2401=DIRECTION('center_axis',(0.,-1.,0.));
#2402=DIRECTION('ref_axis',(-1.,0.,-3.05311331771918E-16));
#2403=DIRECTION('center_axis',(2.53765262771464E-16,0.,-1.));
#2404=DIRECTION('ref_axis',(-0.707106781186548,-0.707106781186547,0.));
#2405=DIRECTION('center_axis',(-2.53765262771464E-16,0.,1.));
#2406=DIRECTION('ref_axis',(-0.707106781186548,-0.707106781186547,0.));
#2407=DIRECTION('',(2.53765262771464E-16,0.,-1.));
#2408=DIRECTION('center_axis',(2.53765262771464E-16,0.,-1.));
#2409=DIRECTION('ref_axis',(-1.,0.,-2.53765262771464E-16));
#2410=DIRECTION('',(-1.,0.,-3.05311331771918E-16));
#2411=DIRECTION('center_axis',(-2.53765262771464E-16,0.,1.));
#2412=DIRECTION('ref_axis',(0.707106781186548,-0.707106781186548,0.));
#2413=DIRECTION('',(1.,0.,2.53765262771464E-16));
#2414=DIRECTION('center_axis',(0.,-4.93192193467987E-32,-1.));
#2415=DIRECTION('ref_axis',(0.707106781186548,-0.707106781186548,0.));
#2416=DIRECTION('center_axis',(3.05311331771918E-16,0.,-1.));
#2417=DIRECTION('ref_axis',(-1.,0.,-3.05311331771918E-16));
#2418=DIRECTION('',(-1.,0.,-3.05311331771918E-16));
#2419=DIRECTION('center_axis',(0.,0.,-1.));
#2420=DIRECTION('ref_axis',(-0.707106781186548,-0.707106781186547,0.));
#2421=DIRECTION('',(0.,0.,1.));
#2422=DIRECTION('',(0.,0.,-1.));
#2423=DIRECTION('center_axis',(0.,-1.,0.));
#2424=DIRECTION('ref_axis',(-1.,0.,-3.05311331771918E-16));
#2425=DIRECTION('center_axis',(-1.,0.,0.));
#2426=DIRECTION('ref_axis',(0.,1.,0.));
#2427=DIRECTION('center_axis',(2.27738056333365E-16,0.,-1.));
#2428=DIRECTION('ref_axis',(1.,0.,2.27738056333365E-16));
#2429=DIRECTION('',(2.27738056333365E-16,0.,-1.));
#2430=DIRECTION('',(2.27738056333365E-16,0.,-1.));
#2431=DIRECTION('center_axis',(0.,-0.104528463267653,-0.994521895368273));
#2432=DIRECTION('ref_axis',(-2.3805109056089E-17,-0.994521895368273,0.104528463267653));
#2433=DIRECTION('',(2.27738056333365E-16,0.,-1.));
#2434=DIRECTION('center_axis',(0.,-1.,0.));
#2435=DIRECTION('ref_axis',(-1.,0.,-3.05311331771918E-16));
#2436=DIRECTION('',(2.27738056333365E-16,0.,-1.));
#2437=DIRECTION('',(-1.,0.,0.));
#2438=DIRECTION('center_axis',(0.,-1.,0.));
#2439=DIRECTION('ref_axis',(-1.,0.,-3.05311331771918E-16));
#2440=DIRECTION('center_axis',(0.,1.,0.));
#2441=DIRECTION('ref_axis',(1.,0.,2.41870016079052E-16));
#2442=DIRECTION('',(2.27738056333365E-16,0.,-1.));
#2443=DIRECTION('',(1.,0.,0.));
#2444=DIRECTION('',(2.27738056333365E-16,0.,-1.));
#2445=DIRECTION('center_axis',(-1.,-1.29814856038721E-32,0.));
#2446=DIRECTION('ref_axis',(-1.29814856038721E-32,1.,4.25188463478648E-17));
#2447=DIRECTION('',(-1.29814856038721E-32,1.,-3.96339465809618E-48));
#2448=DIRECTION('',(-2.27738056333365E-16,0.,1.));
#2449=DIRECTION('center_axis',(1.,6.40604702839779E-64,0.));
#2450=DIRECTION('ref_axis',(6.40604702839779E-64,-1.,-2.09820152800074E-48));
#2451=DIRECTION('center_axis',(0.,1.,0.));
#2452=DIRECTION('ref_axis',(1.,0.,3.05311331771918E-16));
#2453=DIRECTION('',(-2.27738056333365E-16,0.,1.));
#2454=DIRECTION('center_axis',(2.27738056333365E-16,0.,-1.));
#2455=DIRECTION('ref_axis',(7.60008051706914E-49,-1.,0.));
#2456=DIRECTION('center_axis',(3.05311331771918E-16,9.7972922686362E-33,
-1.));
#2457=DIRECTION('ref_axis',(2.99122435029603E-48,-1.,-9.7972922686362E-33));
#2458=DIRECTION('',(2.27738056333365E-16,0.,-1.));
#2459=DIRECTION('center_axis',(0.,-0.104528463267653,-0.994521895368273));
#2460=DIRECTION('ref_axis',(-2.3805109056089E-17,-0.994521895368273,0.104528463267653));
#2461=DIRECTION('center_axis',(3.05311331771918E-16,0.,-1.));
#2462=DIRECTION('ref_axis',(-1.,0.,-3.05311331771918E-16));
#2463=DIRECTION('',(9.68467629177581E-33,-1.,-3.17206578464331E-17));
#2464=DIRECTION('center_axis',(1.,1.26882631385732E-16,2.27738056333365E-16));
#2465=DIRECTION('ref_axis',(1.26882631385732E-16,-1.,2.8941412898467E-32));
#2466=DIRECTION('',(1.02382445998963E-16,-0.994521895368273,0.104528463267653));
#2467=DIRECTION('',(2.27738056333365E-16,0.,-1.));
#2468=DIRECTION('center_axis',(-1.,-2.46067532821343E-33,-2.27738056333365E-16));
#2469=DIRECTION('ref_axis',(-9.68467629177581E-33,1.,3.17206578464331E-17));
#2470=DIRECTION('',(2.27738056333365E-16,0.,-1.));
#2471=DIRECTION('',(2.3805109056089E-17,0.994521895368273,-0.104528463267653));
#2472=DIRECTION('center_axis',(2.27738056333365E-16,0.,-1.));
#2473=DIRECTION('ref_axis',(-1.,2.27738056333365E-15,-2.27738056333365E-16));
#2474=DIRECTION('center_axis',(0.,-0.104528463267653,-0.994521895368273));
#2475=DIRECTION('ref_axis',(2.28870994337753E-15,0.994521895368273,-0.104528463267653));
#2476=DIRECTION('center_axis',(2.27738056333365E-16,0.,-1.));
#2477=DIRECTION('ref_axis',(0.,1.,0.));
#2478=DIRECTION('center_axis',(0.,-0.104528463267653,-0.994521895368273));
#2479=DIRECTION('ref_axis',(2.3805109056089E-17,0.994521895368273,-0.104528463267653));
#2480=DIRECTION('center_axis',(0.,-0.104528463267653,-0.994521895368273));
#2481=DIRECTION('ref_axis',(-1.,0.,0.));
#2482=DIRECTION('',(0.,0.,1.));
#2483=DIRECTION('',(1.,0.,0.));
#2484=DIRECTION('center_axis',(0.,0.,1.));
#2485=DIRECTION('ref_axis',(1.,0.,0.));
#2486=CARTESIAN_POINT('',(0.,0.,0.));
#2487=CARTESIAN_POINT('',(0.,0.,0.));
#2488=CARTESIAN_POINT('Origin',(32.35,-35.0061692260202,-18.800050800102));
#2489=CARTESIAN_POINT('',(35.35,-35.0061692260202,-27.800050800102));
#2490=CARTESIAN_POINT('',(34.9984721615404,-33.5970577295282,-27.800050800102));
#2491=CARTESIAN_POINT('Origin',(32.35,-35.0061692260202,-27.800050800102));
#2492=CARTESIAN_POINT('',(35.35,-35.0061692260202,-18.800050800102));
#2493=CARTESIAN_POINT('',(35.35,-35.0061692260202,-18.800050800102));
#2494=CARTESIAN_POINT('',(34.9984721615403,-33.5970577295282,-18.800050800102));
#2495=CARTESIAN_POINT('Origin',(32.35,-35.0061692260202,-18.800050800102));
#2496=CARTESIAN_POINT('',(34.9984721615403,-33.5970577295282,-18.800050800102));
#2497=CARTESIAN_POINT('Origin',(5.42499979138374,-15.4249999254942,-27.800050800102));
#2498=CARTESIAN_POINT('',(34.9984721615404,-30.4030692707148,-27.800050800102));
#2499=CARTESIAN_POINT('Origin',(38.000076200152,-32.0000635001215,-27.800050800102));
#2500=CARTESIAN_POINT('',(35.35,-28.9939577742228,-27.800050800102));
#2501=CARTESIAN_POINT('Origin',(32.35,-28.9939577742228,-27.800050800102));
#2502=CARTESIAN_POINT('',(35.35,-7.45435613182366,-27.800050800102));
#2503=CARTESIAN_POINT('',(35.35,-10.2125,-27.800050800102));
#2504=CARTESIAN_POINT('',(37.1,-4.72717810316473,-27.800050800102));
#2505=CARTESIAN_POINT('Origin',(38.35,-7.45435613182366,-27.800050800102));
#2506=CARTESIAN_POINT('',(38.85,-2.00000007450581,-27.800050800102));
#2507=CARTESIAN_POINT('Origin',(35.85,-2.00000007450581,-27.800050800102));
#2508=CARTESIAN_POINT('',(38.85,7.00000014901161,-27.800050800102));
#2509=CARTESIAN_POINT('',(38.85,4.78750022351742,-27.800050800102));
#2510=CARTESIAN_POINT('',(35.85,10.0000001490116,-27.800050800102));
#2511=CARTESIAN_POINT('Origin',(35.85,7.00000014901162,-27.800050800102));
#2512=CARTESIAN_POINT('',(26.0000003427267,10.0000001490116,-27.800050800102));
#2513=CARTESIAN_POINT('',(14.2125000670552,10.0000001490116,-27.800050800102));
#2514=CARTESIAN_POINT('',(23.0000003427267,7.00000014901161,-27.800050800102));
#2515=CARTESIAN_POINT('Origin',(26.0000003427267,7.00000014901162,-27.800050800102));
#2516=CARTESIAN_POINT('',(23.0000003427267,6.00000004470348,-27.800050800102));
#2517=CARTESIAN_POINT('',(23.0000003427267,-6.21249994039535,-27.800050800102));
#2518=CARTESIAN_POINT('',(20.0000003427267,3.00000004470348,-27.800050800102));
#2519=CARTESIAN_POINT('Origin',(20.0000003427267,6.00000004470348,-27.800050800102));
#2520=CARTESIAN_POINT('',(-25.0000004172325,3.00000004470348,-27.800050800102));
#2521=CARTESIAN_POINT('',(-11.2875003129244,3.00000004470348,-27.800050800102));
#2522=CARTESIAN_POINT('',(-28.0000004172325,4.47034853578998E-8,-27.800050800102));
#2523=CARTESIAN_POINT('Origin',(-25.0000004172325,4.47034831374538E-8,-27.800050800102));
#2524=CARTESIAN_POINT('',(-28.0000004172325,-7.00000014901161,-27.800050800102));
#2525=CARTESIAN_POINT('',(-28.0000004172325,-12.7125000372529,-27.800050800102));
#2526=CARTESIAN_POINT('',(-26.0000003874302,-9.82842728429451,-27.800050800102));
#2527=CARTESIAN_POINT('Origin',(-25.0000004172325,-7.00000014901161,-27.800050800102));
#2528=CARTESIAN_POINT('',(-24.0000003576279,-12.6568544195774,-27.800050800102));
#2529=CARTESIAN_POINT('Origin',(-27.0000003576279,-12.6568544195774,-27.800050800102));
#2530=CARTESIAN_POINT('',(-24.0000003576279,-40.85,-27.800050800102));
#2531=CARTESIAN_POINT('',(-24.0000003576279,-28.1374999627471,-27.800050800102));
#2532=CARTESIAN_POINT('',(-20.,-40.85,-27.800050800102));
#2533=CARTESIAN_POINT('',(-24.0000003576279,-40.85,-27.800050800102));
#2534=CARTESIAN_POINT('',(-20.,-20.0000004395843,-27.800050800102));
#2535=CARTESIAN_POINT('',(-20.,-17.0000004395843,-27.800050800102));
#2536=CARTESIAN_POINT('',(-17.,-17.0000004395843,-27.800050800102));
#2537=CARTESIAN_POINT('Origin',(-17.,-20.0000004395843,-27.800050800102));
#2538=CARTESIAN_POINT('',(17.,-17.0000004395843,-27.800050800102));
#2539=CARTESIAN_POINT('',(20.,-17.0000004395843,-27.800050800102));
#2540=CARTESIAN_POINT('',(20.,-20.0000004395843,-27.800050800102));
#2541=CARTESIAN_POINT('Origin',(17.,-20.0000004395843,-27.800050800102));
#2542=CARTESIAN_POINT('',(20.,-40.85,-27.800050800102));
#2543=CARTESIAN_POINT('',(20.,-42.0000004395843,-27.800050800102));
#2544=CARTESIAN_POINT('',(35.,-40.85,-27.800050800102));
#2545=CARTESIAN_POINT('',(-24.0000003576279,-40.85,-27.800050800102));
#2546=CARTESIAN_POINT('',(35.35,-40.8395205282626,-27.800050800102));
#2547=CARTESIAN_POINT('Origin',(34.9999999999996,-34.9999999999857,-27.800050800102));
#2548=CARTESIAN_POINT('',(35.35,-10.2125,-27.800050800102));
#2549=CARTESIAN_POINT('Origin',(38.000076200152,-32.0000635001215,-18.800050800102));
#2550=CARTESIAN_POINT('',(34.9984721615403,-30.4030692707148,-18.800050800102));
#2551=CARTESIAN_POINT('Origin',(38.000076200152,-32.0000635001215,-18.800050800102));
#2552=CARTESIAN_POINT('',(34.9984721615403,-30.4030692707148,-18.800050800102));
#2553=CARTESIAN_POINT('Origin',(32.35,-28.9939577742228,-18.800050800102));
#2554=CARTESIAN_POINT('',(35.35,-28.9939577742228,-18.800050800102));
#2555=CARTESIAN_POINT('Origin',(32.35,-28.9939577742228,-18.800050800102));
#2556=CARTESIAN_POINT('',(35.35,-28.9939577742228,-18.800050800102));
#2557=CARTESIAN_POINT('Origin',(35.35,-5.00000007450581,-18.800050800102));
#2558=CARTESIAN_POINT('',(35.35,-7.45435613182366,-18.800050800102));
#2559=CARTESIAN_POINT('',(35.35,-2.5000000372529,-18.800050800102));
#2560=CARTESIAN_POINT('',(35.35,-7.45435613182366,-18.800050800102));
#2561=CARTESIAN_POINT('Origin',(-38.2038046828962,31.7446038537206,-18.800050800102));
#2562=CARTESIAN_POINT('',(-35.3665692266186,30.7698757041111,-18.800050800102));
#2563=CARTESIAN_POINT('',(-36.6019026245702,29.2080885678351,-18.800050800102));
#2564=CARTESIAN_POINT('Origin',(-38.2038046828962,31.7446038537206,-18.800050800102));
#2565=CARTESIAN_POINT('',(-36.6019026245702,29.2080885678351,-22.800050800102));
#2566=CARTESIAN_POINT('',(-36.6019026245702,29.2080885678351,-18.800050800102));
#2567=CARTESIAN_POINT('',(-35.3665692266186,30.7698757041111,-22.800050800102));
#2568=CARTESIAN_POINT('Origin',(-38.2038046828962,31.7446038537206,-22.800050800102));
#2569=CARTESIAN_POINT('',(-35.3665692266186,30.7698757041111,-18.800050800102));
#2570=CARTESIAN_POINT('Origin',(-1.20236998468437E-14,0.,-18.800050800102));
#2571=CARTESIAN_POINT('',(-35.3220156237974,30.8874061549162,-18.800050800102));
#2572=CARTESIAN_POINT('Origin',(-33.4750789224336,30.1200569377047,-18.800050800102));
#2573=CARTESIAN_POINT('',(-35.5424107899172,33.5395100077403,-18.800050800102));
#2574=CARTESIAN_POINT('Origin',(-38.00007620015,32.0000635001255,-18.800050800102));
#2575=CARTESIAN_POINT('',(-36.0000005364418,35.1320394746649,-18.800050800102));
#2576=CARTESIAN_POINT('Origin',(-33.0000005364418,35.1320394746649,-18.800050800102));
#2577=CARTESIAN_POINT('',(-36.0000005364418,40.7638961585993,-18.800050800102));
#2578=CARTESIAN_POINT('',(-36.0000005364418,14.0000002086163,-18.800050800102));
#2579=CARTESIAN_POINT('',(-40.85,35.,-18.800050800102));
#2580=CARTESIAN_POINT('Origin',(-35.,35.,-18.800050800102));
#2581=CARTESIAN_POINT('',(-40.85,-10.0000001490116,-18.800050800102));
#2582=CARTESIAN_POINT('',(-40.85,35.,-18.800050800102));
#2583=CARTESIAN_POINT('',(-31.0000004172325,-10.0000001490116,-18.800050800102));
#2584=CARTESIAN_POINT('',(-20.425,-10.0000001490116,-18.800050800102));
#2585=CARTESIAN_POINT('',(-28.0000004172325,-7.00000014901161,-18.800050800102));
#2586=CARTESIAN_POINT('Origin',(-31.0000004172325,-7.00000014901161,-18.800050800102));
#2587=CARTESIAN_POINT('',(-28.0000004172325,9.00000017881393,-18.800050800102));
#2588=CARTESIAN_POINT('',(-28.0000004172325,-5.00000007450581,-18.800050800102));
#2589=CARTESIAN_POINT('',(-31.0000004172325,12.0000001788139,-18.800050800102));
#2590=CARTESIAN_POINT('Origin',(-31.0000004172325,9.00000017881393,-18.800050800102));
#2591=CARTESIAN_POINT('',(-35.0000005662441,12.0000001788139,-18.800050800102));
#2592=CARTESIAN_POINT('',(-14.0000002086163,12.0000001788139,-18.800050800102));
#2593=CARTESIAN_POINT('',(-38.0000005662441,15.0000001788139,-18.800050800102));
#2594=CARTESIAN_POINT('Origin',(-35.0000005662441,15.0000001788139,-18.800050800102));
#2595=CARTESIAN_POINT('',(-38.0000005662441,26.6715732819496,-18.800050800102));
#2596=CARTESIAN_POINT('',(-38.0000005662441,14.0000002086163,-18.800050800102));
#2597=CARTESIAN_POINT('Origin',(-35.0000005662441,26.6715732819496,-18.800050800102));
#2598=CARTESIAN_POINT('',(-36.9000736601451,32.0000635001255,-18.800050800102));
#2599=CARTESIAN_POINT('Origin',(-38.0000762001501,32.0000635001255,-18.800050800102));
#2600=CARTESIAN_POINT('Origin',(-33.4750789224336,30.1200569377047,-18.800050800102));
#2601=CARTESIAN_POINT('',(-34.4252356944171,28.3601699786492,-22.800050800102));
#2602=CARTESIAN_POINT('Origin',(-33.4750789224336,30.1200569377047,-22.800050800102));
#2603=CARTESIAN_POINT('',(-34.4252356944171,28.3601699786492,-29.800050800102));
#2604=CARTESIAN_POINT('',(-34.4252356944171,28.3601699786492,-18.800050800102));
#2605=CARTESIAN_POINT('',(-35.3220156237974,30.8874061549162,-29.800050800102));
#2606=CARTESIAN_POINT('Origin',(-33.4750789224335,30.1200569377047,-29.800050800102));
#2607=CARTESIAN_POINT('',(-35.3220156237974,30.8874061549162,-18.800050800102));
#2608=CARTESIAN_POINT('Origin',(-38.00007620015,32.0000635001255,-18.800050800102));
#2609=CARTESIAN_POINT('',(-35.5424107899172,33.5395100077403,-29.800050800102));
#2610=CARTESIAN_POINT('Origin',(-38.00007620015,32.0000635001255,-29.800050800102));
#2611=CARTESIAN_POINT('',(-35.5424107899172,33.5395100077403,-18.800050800102));
#2612=CARTESIAN_POINT('Origin',(-33.0000005364418,35.1320394746649,-18.800050800102));
#2613=CARTESIAN_POINT('',(-36.0000005364418,35.1320394746649,-29.800050800102));
#2614=CARTESIAN_POINT('Origin',(-33.0000005364418,35.1320394746649,-29.800050800102));
#2615=CARTESIAN_POINT('',(-36.0000005364418,35.1320394746649,-18.800050800102));
#2616=CARTESIAN_POINT('Origin',(-19.0000002831221,34.4250002086163,-29.800050800102));
#2617=CARTESIAN_POINT('',(-33.0000005364418,28.0000004172325,-29.800050800102));
#2618=CARTESIAN_POINT('Origin',(-33.0000005364418,31.0000004172325,-29.800050800102));
#2619=CARTESIAN_POINT('',(-5.00000002980231,28.0000004172325,-29.800050800102));
#2620=CARTESIAN_POINT('',(-2.00000002980231,28.0000004172325,-29.800050800102));
#2621=CARTESIAN_POINT('',(-2.00000002980231,25.0000004172325,-29.800050800102));
#2622=CARTESIAN_POINT('Origin',(-5.00000002980231,25.0000004172325,-29.800050800102));
#2623=CARTESIAN_POINT('',(-2.00000002980231,40.85,-29.800050800102));
#2624=CARTESIAN_POINT('',(-2.00000002980231,27.7125002607703,-29.800050800102));
#2625=CARTESIAN_POINT('',(-35.,40.85,-29.800050800102));
#2626=CARTESIAN_POINT('',(-27.000000141561,40.85,-29.800050800102));
#2627=CARTESIAN_POINT('',(-36.0000005364418,40.7638961585993,-29.800050800102));
#2628=CARTESIAN_POINT('Origin',(-35.,35.,-29.800050800102));
#2629=CARTESIAN_POINT('',(-36.0000005364418,28.0000004172325,-29.800050800102));
#2630=CARTESIAN_POINT('Origin',(-36.0000005364418,28.0000004172325,-18.800050800102));
#2631=CARTESIAN_POINT('',(-36.0000005364418,40.7638961585993,-18.800050800102));
#2632=CARTESIAN_POINT('Origin',(-33.0000005364418,31.0000004172325,-18.800050800102));
#2633=CARTESIAN_POINT('',(-33.0000005364418,28.0000004172325,-22.800050800102));
#2634=CARTESIAN_POINT('Origin',(-33.0000005364418,31.0000004172325,-22.800050800102));
#2635=CARTESIAN_POINT('',(-33.0000005364418,28.0000004172325,-18.800050800102));
#2636=CARTESIAN_POINT('Origin',(-35.0000005662441,26.6715732819496,-18.800050800102));
#2637=CARTESIAN_POINT('',(-38.0000005662441,26.6715732819496,-22.800050800102));
#2638=CARTESIAN_POINT('',(-38.0000005662441,26.6715732819496,-18.800050800102));
#2639=CARTESIAN_POINT('Origin',(-35.0000005662441,26.6715732819496,-22.800050800102));
#2640=CARTESIAN_POINT('Origin',(38.000076200152,-32.0000635001215,-24.900050800102));
#2641=CARTESIAN_POINT('',(40.1000787550582,-32.0000635001215,-24.900050800102));
#2642=CARTESIAN_POINT('Origin',(38.000076200152,-32.0000635001215,-24.900050800102));
#2643=CARTESIAN_POINT('',(40.1000787550582,-32.0000635001215,-34.353385774009));
#2644=CARTESIAN_POINT('',(40.1000787550582,-32.0000635001215,-24.900050800102));
#2645=CARTESIAN_POINT('Origin',(38.000076200152,-32.0000635001215,-34.353385774009));
#2646=CARTESIAN_POINT('Origin',(38.000076200152,-32.0000635001215,-24.900050800102));
#2647=CARTESIAN_POINT('',(39.100078740157,-32.0000635001215,-24.900050800102));
#2648=CARTESIAN_POINT('Origin',(38.000076200152,-32.0000635001215,-24.900050800102));
#2649=CARTESIAN_POINT('Origin',(-38.00007620015,32.0000635001255,-24.900050800102));
#2650=CARTESIAN_POINT('',(-35.9000736452439,32.0000635001255,-24.900050800102));
#2651=CARTESIAN_POINT('Origin',(-38.00007620015,32.0000635001255,-24.900050800102));
#2652=CARTESIAN_POINT('',(-36.900073660145,32.0000635001255,-24.900050800102));
#2653=CARTESIAN_POINT('Origin',(-38.0000762001501,32.0000635001255,-24.900050800102));
#2654=CARTESIAN_POINT('Origin',(-38.00007620015,32.0000635001255,-24.900050800102));
#2655=CARTESIAN_POINT('',(-35.9000736452439,32.0000635001255,-41.0800701792761));
#2656=CARTESIAN_POINT('',(-35.9000736452439,32.0000635001255,-24.900050800102));
#2657=CARTESIAN_POINT('Origin',(-38.00007620015,32.0000635001255,-41.0800701792761));
#2658=CARTESIAN_POINT('Origin',(-38.00007620015,-32.0000635001215,-24.900050800102));
#2659=CARTESIAN_POINT('',(-35.9000736452439,-32.0000635001215,-24.900050800102));
#2660=CARTESIAN_POINT('Origin',(-38.00007620015,-32.0000635001215,-24.900050800102));
#2661=CARTESIAN_POINT('',(-35.9000736452439,-32.0000635001215,-34.353385774009));
#2662=CARTESIAN_POINT('',(-35.9000736452439,-32.0000635001215,-24.900050800102));
#2663=CARTESIAN_POINT('Origin',(-38.00007620015,-32.0000635001215,-34.353385774009));
#2664=CARTESIAN_POINT('Origin',(-38.00007620015,-32.0000635001215,-24.900050800102));
#2665=CARTESIAN_POINT('',(-36.900073660145,-32.0000635001215,-24.900050800102));
#2666=CARTESIAN_POINT('Origin',(-38.0000762001501,-32.0000635001215,-24.900050800102));
#2667=CARTESIAN_POINT('Origin',(38.000076200152,32.0000635001255,-24.900050800102));
#2668=CARTESIAN_POINT('',(40.1000787550582,32.0000635001255,-24.900050800102));
#2669=CARTESIAN_POINT('Origin',(38.000076200152,32.0000635001255,-24.900050800102));
#2670=CARTESIAN_POINT('',(40.1000787550582,32.0000635001255,-41.0800701792761));
#2671=CARTESIAN_POINT('',(40.1000787550582,32.0000635001255,-24.900050800102));
#2672=CARTESIAN_POINT('Origin',(38.000076200152,32.0000635001255,-41.0800701792761));
#2673=CARTESIAN_POINT('Origin',(38.000076200152,32.0000635001255,-24.900050800102));
#2674=CARTESIAN_POINT('',(39.100078740157,32.0000635001255,-24.900050800102));
#2675=CARTESIAN_POINT('Origin',(38.000076200152,32.0000635001255,-24.900050800102));
#2676=CARTESIAN_POINT('Origin',(35.2999999999981,-32.0000635001238,-34.8561399137905));
#2677=CARTESIAN_POINT('',(29.7999999999981,-32.0000635001238,-34.8561399137905));
#2678=CARTESIAN_POINT('Origin',(35.2999999999981,-32.0000635001238,-34.8561399137906));
#2679=CARTESIAN_POINT('',(29.7999999999981,-31.94779926849,-34.3588789661064));
#2680=CARTESIAN_POINT('',(29.7999999999981,-32.0000635001238,-34.8561399137905));
#2681=CARTESIAN_POINT('Origin',(35.2999999999981,-31.94779926849,-34.3588789661064));
#2682=CARTESIAN_POINT('Origin',(35.2999999999981,-31.94779926849,-34.3588789661064));
#2683=CARTESIAN_POINT('Origin',(-35.3,-32.0000635001215,-34.8561399137907));
#2684=CARTESIAN_POINT('',(-40.8,-32.0000635001215,-34.8561399137907));
#2685=CARTESIAN_POINT('Origin',(-35.3,-32.0000635001215,-34.8561399137908));
#2686=CARTESIAN_POINT('',(-40.8,-31.9477992684877,-34.3588789661066));
#2687=CARTESIAN_POINT('',(-40.8,-32.0000635001215,-34.8561399137907));
#2688=CARTESIAN_POINT('Origin',(-35.3,-31.9477992684877,-34.3588789661066));
#2689=CARTESIAN_POINT('Origin',(-35.3,-31.9477992684877,-34.3588789661066));
#2690=CARTESIAN_POINT('Origin',(35.3000000000024,32.0000635001244,-41.5828243190577));
#2691=CARTESIAN_POINT('',(29.8000000000024,32.0000635001244,-41.5828243190577));
#2692=CARTESIAN_POINT('Origin',(35.3000000000024,32.0000635001244,-41.5828243190577));
#2693=CARTESIAN_POINT('',(29.8000000000024,32.0523277317582,-41.0855633713736));
#2694=CARTESIAN_POINT('',(29.8000000000024,32.0000635001244,-41.5828243190577));
#2695=CARTESIAN_POINT('Origin',(35.3000000000024,32.0523277317582,-41.0855633713736));
#2696=CARTESIAN_POINT('Origin',(35.3000000000024,32.0523277317582,-41.0855633713736));
#2697=CARTESIAN_POINT('Origin',(-35.3,32.0000635001267,-41.582824319058));
#2698=CARTESIAN_POINT('',(-40.8,32.0000635001267,-41.582824319058));
#2699=CARTESIAN_POINT('Origin',(-35.3,32.0000635001267,-41.5828243190579));
#2700=CARTESIAN_POINT('',(-40.8,32.0523277317605,-41.0855633713739));
#2701=CARTESIAN_POINT('',(-40.8,32.0000635001267,-41.582824319058));
#2702=CARTESIAN_POINT('Origin',(-35.3,32.0523277317605,-41.0855633713739));
#2703=CARTESIAN_POINT('Origin',(-35.3,32.0523277317605,-41.0855633713739));
#2704=CARTESIAN_POINT('Origin',(-38.0000762001501,-32.0000635001215,-18.800050800102));
#2705=CARTESIAN_POINT('',(-36.9000736601451,-32.0000635001215,-18.800050800102));
#2706=CARTESIAN_POINT('Origin',(-38.0000762001501,-32.0000635001215,-18.800050800102));
#2707=CARTESIAN_POINT('',(-36.9000736601451,-32.0000635001215,-18.800050800102));
#2708=CARTESIAN_POINT('Origin',(38.000076200152,-32.0000635001215,-18.800050800102));
#2709=CARTESIAN_POINT('',(39.100078740157,-32.0000635001215,-18.800050800102));
#2710=CARTESIAN_POINT('Origin',(38.000076200152,-32.0000635001215,-18.800050800102));
#2711=CARTESIAN_POINT('',(39.100078740157,-32.0000635001215,-18.800050800102));
#2712=CARTESIAN_POINT('Origin',(-38.0000762001501,32.0000635001255,-18.800050800102));
#2713=CARTESIAN_POINT('',(-36.9000736601451,32.0000635001255,-18.800050800102));
#2714=CARTESIAN_POINT('Origin',(38.000076200152,32.0000635001255,-18.800050800102));
#2715=CARTESIAN_POINT('',(39.100078740157,32.0000635001255,-18.800050800102));
#2716=CARTESIAN_POINT('Origin',(38.000076200152,32.0000635001255,-18.800050800102));
#2717=CARTESIAN_POINT('',(39.100078740157,32.0000635001255,-18.800050800102));
#2718=CARTESIAN_POINT('Origin',(-5.00000002980232,25.0000004172325,-18.800050800102));
#2719=CARTESIAN_POINT('',(-5.00000002980232,28.0000004172325,-22.800050800102));
#2720=CARTESIAN_POINT('',(-2.00000002980232,25.0000004172325,-22.800050800102));
#2721=CARTESIAN_POINT('Origin',(-5.00000002980232,25.0000004172325,-22.800050800102));
#2722=CARTESIAN_POINT('',(-2.00000002980232,25.0000004172325,-18.800050800102));
#2723=CARTESIAN_POINT('',(-5.00000002980232,28.0000004172325,-18.800050800102));
#2724=CARTESIAN_POINT('Origin',(-2.00000002980232,21.0000003129244,-18.800050800102));
#2725=CARTESIAN_POINT('',(-2.00000002980232,24.0000003129244,-22.800050800102));
#2726=CARTESIAN_POINT('',(-2.00000002980232,10.5000001564622,-22.800050800102));
#2727=CARTESIAN_POINT('',(-2.00000002980231,24.0000003129244,-36.300050800102));
#2728=CARTESIAN_POINT('',(-2.00000002980232,24.0000003129244,-18.800050800102));
#2729=CARTESIAN_POINT('',(-2.00000002980231,40.85,-36.300050800102));
#2730=CARTESIAN_POINT('',(-2.00000002980231,21.0000003129244,-36.300050800102));
#2731=CARTESIAN_POINT('',(-2.00000002980232,40.85,-18.800050800102));
#2732=CARTESIAN_POINT('Origin',(-1.,0.,-22.800050800102));
#2733=CARTESIAN_POINT('',(-38.0000005662441,15.0000001788139,-22.800050800102));
#2734=CARTESIAN_POINT('',(-38.0000005662441,28.0000004172325,-22.800050800102));
#2735=CARTESIAN_POINT('',(-35.0000005662441,12.0000001788139,-22.800050800102));
#2736=CARTESIAN_POINT('Origin',(-35.0000005662441,15.0000001788139,-22.800050800102));
#2737=CARTESIAN_POINT('',(-31.0000004172325,12.0000001788139,-22.800050800102));
#2738=CARTESIAN_POINT('',(-38.0000005662441,12.0000001788139,-22.800050800102));
#2739=CARTESIAN_POINT('',(-28.0000004172325,9.00000017881393,-22.800050800102));
#2740=CARTESIAN_POINT('Origin',(-31.0000004172325,9.00000017881393,-22.800050800102));
#2741=CARTESIAN_POINT('',(-28.0000004172325,4.47034831374538E-8,-22.800050800102));
#2742=CARTESIAN_POINT('',(-28.0000004172325,12.0000001788139,-22.800050800102));
#2743=CARTESIAN_POINT('',(-25.0000004172325,3.00000004470348,-22.800050800102));
#2744=CARTESIAN_POINT('Origin',(-25.0000004172325,4.47034831374538E-8,-22.800050800102));
#2745=CARTESIAN_POINT('',(20.0000003427267,3.00000004470348,-22.800050800102));
#2746=CARTESIAN_POINT('',(-14.5000002086163,3.00000004470348,-22.800050800102));
#2747=CARTESIAN_POINT('',(23.0000003427267,6.00000004470348,-22.800050800102));
#2748=CARTESIAN_POINT('Origin',(20.0000003427267,6.00000004470348,-22.800050800102));
#2749=CARTESIAN_POINT('',(23.0000003427267,7.00000014901162,-22.800050800102));
#2750=CARTESIAN_POINT('',(23.0000003427267,1.50000002235174,-22.800050800102));
#2751=CARTESIAN_POINT('',(26.0000003427267,10.0000001490116,-22.800050800102));
#2752=CARTESIAN_POINT('Origin',(26.0000003427267,7.00000014901162,-22.800050800102));
#2753=CARTESIAN_POINT('',(35.85,10.0000001490116,-22.800050800102));
#2754=CARTESIAN_POINT('',(11.0000001713634,10.0000001490116,-22.800050800102));
#2755=CARTESIAN_POINT('',(38.85,7.00000014901162,-22.800050800102));
#2756=CARTESIAN_POINT('Origin',(35.85,7.00000014901162,-22.800050800102));
#2757=CARTESIAN_POINT('',(38.85,22.000000372529,-22.800050800102));
#2758=CARTESIAN_POINT('',(38.85,-5.0000000745058,-22.800050800102));
#2759=CARTESIAN_POINT('',(35.9250002458692,24.9990627198502,-22.800050800102));
#2760=CARTESIAN_POINT('Origin',(35.85,22.000000372529,-22.800050800102));
#2761=CARTESIAN_POINT('',(33.0000004917383,27.9981250671714,-22.800050800102));
#2762=CARTESIAN_POINT('Origin',(36.0000004917383,27.9981250671714,-22.800050800102));
#2763=CARTESIAN_POINT('',(33.0000004917383,28.000000372529,-22.800050800102));
#2764=CARTESIAN_POINT('',(33.0000004917383,20.425,-22.800050800102));
#2765=CARTESIAN_POINT('',(30.0000004917383,25.000000372529,-22.800050800102));
#2766=CARTESIAN_POINT('Origin',(30.0000004917383,28.000000372529,-22.800050800102));
#2767=CARTESIAN_POINT('',(18.6568545089844,25.000000372529,-22.800050800102));
#2768=CARTESIAN_POINT('',(16.0000002458692,25.000000372529,-22.800050800102));
#2769=CARTESIAN_POINT('',(15.8284273737015,23.0000003427267,-22.800050800102));
#2770=CARTESIAN_POINT('Origin',(18.6568545089844,22.000000372529,-22.800050800102));
#2771=CARTESIAN_POINT('',(13.0000002384186,21.0000003129244,-22.800050800102));
#2772=CARTESIAN_POINT('Origin',(13.0000002384186,24.0000003129244,-22.800050800102));
#2773=CARTESIAN_POINT('',(0.999999970197686,21.0000003129244,-22.800050800102));
#2774=CARTESIAN_POINT('',(7.50000011920929,21.0000003129244,-22.800050800102));
#2775=CARTESIAN_POINT('Origin',(0.999999970197686,24.0000003129244,-22.800050800102));
#2776=CARTESIAN_POINT('',(-1.50000001490116,28.0000004172325,-22.800050800102));
#2777=CARTESIAN_POINT('Origin',(18.6568545089844,22.000000372529,-18.800050800102));
#2778=CARTESIAN_POINT('',(18.6568545089844,25.000000372529,-36.300050800102));
#2779=CARTESIAN_POINT('',(15.8284273737015,23.0000003427267,-36.300050800102));
#2780=CARTESIAN_POINT('Origin',(18.6568545089844,22.000000372529,-36.300050800102));
#2781=CARTESIAN_POINT('',(15.8284273737015,23.0000003427267,-18.800050800102));
#2782=CARTESIAN_POINT('',(18.6568545089844,25.000000372529,-18.800050800102));
#2783=CARTESIAN_POINT('Origin',(33.0000004917383,25.000000372529,-18.800050800102));
#2784=CARTESIAN_POINT('',(30.0000004917383,25.000000372529,-36.300050800102));
#2785=CARTESIAN_POINT('',(30.0000004917383,25.000000372529,-18.800050800102));
#2786=CARTESIAN_POINT('',(38.85,25.000000372529,-36.300050800102));
#2787=CARTESIAN_POINT('Origin',(13.0000002384186,24.0000003129244,-18.800050800102));
#2788=CARTESIAN_POINT('',(13.0000002384186,21.0000003129244,-36.300050800102));
#2789=CARTESIAN_POINT('Origin',(13.0000002384186,24.0000003129244,-36.300050800102));
#2790=CARTESIAN_POINT('',(13.0000002384186,21.0000003129244,-18.800050800102));
#2791=CARTESIAN_POINT('Origin',(17.,-20.0000004395843,-30.800050800102));
#2792=CARTESIAN_POINT('',(20.,-20.0000004395843,-30.800050800102));
#2793=CARTESIAN_POINT('',(17.,-17.0000004395843,-30.800050800102));
#2794=CARTESIAN_POINT('Origin',(17.,-20.0000004395843,-30.800050800102));
#2795=CARTESIAN_POINT('',(20.,-20.0000004395843,-30.800050800102));
#2796=CARTESIAN_POINT('',(17.,-17.0000004395843,-30.800050800102));
#2797=CARTESIAN_POINT('Origin',(-20.,-17.0000004395843,-30.800050800102));
#2798=CARTESIAN_POINT('',(-17.,-17.0000004395843,-30.800050800102));
#2799=CARTESIAN_POINT('',(-17.,-17.0000004395843,-30.800050800102));
#2800=CARTESIAN_POINT('',(-7.28750010430813,-17.0000004395843,-30.800050800102));
#2801=CARTESIAN_POINT('Origin',(-17.,-20.0000004395843,-30.800050800102));
#2802=CARTESIAN_POINT('',(-20.,-20.0000004395843,-30.800050800102));
#2803=CARTESIAN_POINT('Origin',(-17.,-20.0000004395843,-30.800050800102));
#2804=CARTESIAN_POINT('',(-20.,-20.0000004395843,-30.800050800102));
#2805=CARTESIAN_POINT('Origin',(-20.,-40.85,-30.800050800102));
#2806=CARTESIAN_POINT('',(-20.,-40.85,-30.800050800102));
#2807=CARTESIAN_POINT('',(-20.,-40.85,-30.800050800102));
#2808=CARTESIAN_POINT('',(-20.,-28.1374999627471,-30.800050800102));
#2809=CARTESIAN_POINT('Origin',(20.,-17.0000004395843,-30.800050800102));
#2810=CARTESIAN_POINT('',(20.,-40.85,-30.800050800102));
#2811=CARTESIAN_POINT('',(20.,-16.2125001825392,-30.800050800102));
#2812=CARTESIAN_POINT('',(20.,-40.85,-30.800050800102));
#2813=CARTESIAN_POINT('Origin',(-25.0000004172325,-7.00000014901161,-18.800050800102));
#2814=CARTESIAN_POINT('',(-28.0000004172325,-7.00000014901161,-22.800050800102));
#2815=CARTESIAN_POINT('',(-28.0000004172325,-7.00000014901161,-18.800050800102));
#2816=CARTESIAN_POINT('',(-26.0000003874302,-9.82842728429451,-22.800050800102));
#2817=CARTESIAN_POINT('Origin',(-25.0000004172325,-7.00000014901161,-22.800050800102));
#2818=CARTESIAN_POINT('',(-26.0000003874302,-9.82842728429451,-18.800050800102));
#2819=CARTESIAN_POINT('Origin',(-28.0000004172325,-10.0000001490116,-18.800050800102));
#2820=CARTESIAN_POINT('',(-28.0000004172325,4.47034831374538E-8,-18.800050800102));
#2821=CARTESIAN_POINT('',(-28.0000004172325,9.00000017881393,-18.800050800102));
#2822=CARTESIAN_POINT('',(-28.0000004172325,-7.00000014901161,-18.800050800102));
#2823=CARTESIAN_POINT('Origin',(-25.0000004172325,4.47034831374538E-8,-18.800050800102));
#2824=CARTESIAN_POINT('',(-25.0000004172325,3.00000004470348,-18.800050800102));
#2825=CARTESIAN_POINT('Origin',(-28.0000004172325,3.00000004470348,-18.800050800102));
#2826=CARTESIAN_POINT('',(20.0000003427267,3.00000004470348,-18.800050800102));
#2827=CARTESIAN_POINT('Origin',(20.0000003427267,6.00000004470348,-18.800050800102));
#2828=CARTESIAN_POINT('',(23.0000003427267,6.00000004470348,-18.800050800102));
#2829=CARTESIAN_POINT('Origin',(23.0000003427267,3.00000004470348,-18.800050800102));
#2830=CARTESIAN_POINT('',(23.0000003427267,7.00000014901162,-18.800050800102));
#2831=CARTESIAN_POINT('Origin',(26.0000003427267,7.00000014901162,-18.800050800102));
#2832=CARTESIAN_POINT('',(26.0000003427267,10.0000001490116,-18.800050800102));
#2833=CARTESIAN_POINT('Origin',(23.0000003427267,10.0000001490116,-18.800050800102));
#2834=CARTESIAN_POINT('',(35.85,10.0000001490116,-18.800050800102));
#2835=CARTESIAN_POINT('Origin',(35.85,7.00000014901162,-18.800050800102));
#2836=CARTESIAN_POINT('',(38.85,7.00000014901162,-18.800050800102));
#2837=CARTESIAN_POINT('Origin',(38.85,25.000000372529,-18.800050800102));
#2838=CARTESIAN_POINT('',(38.85,-2.00000007450581,-18.800050800102));
#2839=CARTESIAN_POINT('',(38.85,-2.00000007450581,-18.800050800102));
#2840=CARTESIAN_POINT('',(38.85,22.000000372529,-18.800050800102));
#2841=CARTESIAN_POINT('',(38.85,12.5000001862645,-18.800050800102));
#2842=CARTESIAN_POINT('',(38.85,22.000000372529,-18.800050800102));
#2843=CARTESIAN_POINT('Origin',(35.85,-2.00000007450581,-18.800050800102));
#2844=CARTESIAN_POINT('',(37.1,-4.72717810316473,-18.800050800102));
#2845=CARTESIAN_POINT('',(37.1,-4.72717810316473,-18.800050800102));
#2846=CARTESIAN_POINT('Origin',(35.85,-2.00000007450581,-18.800050800102));
#2847=CARTESIAN_POINT('Origin',(-31.6520866849183,-27.131483650248,-18.800050800102));
#2848=CARTESIAN_POINT('',(-36.1872399537907,-29.2368066249567,-22.800050800102));
#2849=CARTESIAN_POINT('',(-35.6195788722569,-30.1743450903085,-22.800050800102));
#2850=CARTESIAN_POINT('Origin',(-31.6520866849183,-27.131483650248,-22.800050800102));
#2851=CARTESIAN_POINT('',(-36.1872399537907,-29.2368066249567,-18.800050800102));
#2852=CARTESIAN_POINT('',(-36.1872399537907,-29.2368066249567,-18.800050800102));
#2853=CARTESIAN_POINT('',(-35.6195788722569,-30.1743450903085,-18.800050800102));
#2854=CARTESIAN_POINT('Origin',(-31.6520866849183,-27.131483650248,-18.800050800102));
#2855=CARTESIAN_POINT('',(-35.6195788722569,-30.1743450903085,-18.800050800102));
#2856=CARTESIAN_POINT('Origin',(-1.,0.,-22.800050800102));
#2857=CARTESIAN_POINT('',(-35.3750464371797,-33.4523837070855,-22.800050800102));
#2858=CARTESIAN_POINT('Origin',(-38.0000762001501,-32.0000635001215,-22.800050800102));
#2859=CARTESIAN_POINT('',(-36.0000005364418,-35.8729153359714,-22.800050800102));
#2860=CARTESIAN_POINT('Origin',(-31.0000005364418,-35.8729153359714,-22.800050800102));
#2861=CARTESIAN_POINT('',(-36.0000005364418,-40.7638961585993,-22.800050800102));
#2862=CARTESIAN_POINT('',(-36.0000005364418,-34.2360672075152,-22.800050800102));
#2863=CARTESIAN_POINT('',(-35.,-40.85,-22.800050800102));
#2864=CARTESIAN_POINT('Origin',(-35.,-35.,-22.800050800102));
#2865=CARTESIAN_POINT('',(-24.0000003576279,-40.85,-22.800050800102));
#2866=CARTESIAN_POINT('',(17.,-40.85,-22.800050800102));
#2867=CARTESIAN_POINT('',(-24.0000003576279,-12.6568544195774,-22.800050800102));
#2868=CARTESIAN_POINT('',(-24.0000003576279,-20.425,-22.800050800102));
#2869=CARTESIAN_POINT('Origin',(-27.0000003576279,-12.6568544195774,-22.800050800102));
#2870=CARTESIAN_POINT('',(-31.0000004172325,-10.0000001490116,-22.800050800102));
#2871=CARTESIAN_POINT('Origin',(-31.0000004172325,-7.00000014901161,-22.800050800102));
#2872=CARTESIAN_POINT('',(-40.85,-10.0000001490116,-22.800050800102));
#2873=CARTESIAN_POINT('',(-40.85,-10.0000001490116,-22.800050800102));
#2874=CARTESIAN_POINT('',(-40.85,-27.5000004097819,-22.800050800102));
#2875=CARTESIAN_POINT('',(-40.85,-17.5,-22.800050800102));
#2876=CARTESIAN_POINT('',(-38.9083319151141,-27.5000004097819,-22.800050800102));
#2877=CARTESIAN_POINT('',(-36.0000005364418,-27.5000004097819,-22.800050800102));
#2878=CARTESIAN_POINT('Origin',(-38.9083319151141,-30.5000004097819,-22.800050800102));
#2879=CARTESIAN_POINT('Origin',(-38.0000762001501,-32.0000635001215,-18.800050800102));
#2880=CARTESIAN_POINT('',(-35.3750464371797,-33.4523837070855,-18.800050800102));
#2881=CARTESIAN_POINT('Origin',(-38.0000762001501,-32.0000635001215,-18.800050800102));
#2882=CARTESIAN_POINT('',(-35.3750464371797,-33.4523837070855,-18.800050800102));
#2883=CARTESIAN_POINT('Origin',(-31.0000005364418,-35.8729153359714,-18.800050800102));
#2884=CARTESIAN_POINT('',(-36.0000005364418,-35.8729153359714,-18.800050800102));
#2885=CARTESIAN_POINT('Origin',(-31.0000005364418,-35.8729153359714,-18.800050800102));
#2886=CARTESIAN_POINT('',(-36.0000005364418,-35.8729153359714,-18.800050800102));
#2887=CARTESIAN_POINT('Origin',(-27.0000003576279,-12.6568544195774,-18.800050800102));
#2888=CARTESIAN_POINT('',(-24.0000003576279,-12.6568544195774,-18.800050800102));
#2889=CARTESIAN_POINT('Origin',(-24.0000003576279,-40.85,-18.800050800102));
#2890=CARTESIAN_POINT('',(-24.0000003576279,-40.85,-18.800050800102));
#2891=CARTESIAN_POINT('Origin',(-38.9083319151141,-30.5000004097819,-18.800050800102));
#2892=CARTESIAN_POINT('',(-38.9083319151141,-27.5000004097819,-18.800050800102));
#2893=CARTESIAN_POINT('',(-38.9083319151141,-27.5000004097819,-18.800050800102));
#2894=CARTESIAN_POINT('Origin',(-38.9083319151141,-30.5000004097819,-18.800050800102));
#2895=CARTESIAN_POINT('Origin',(-36.0000005364418,-27.5000004097819,-18.800050800102));
#2896=CARTESIAN_POINT('',(-40.85,-27.5000004097819,-18.800050800102));
#2897=CARTESIAN_POINT('',(-40.85,-27.5000004097819,-18.800050800102));
#2898=CARTESIAN_POINT('',(-18.0000002682209,-27.5000004097819,-18.800050800102));
#2899=CARTESIAN_POINT('Origin',(-31.0000004172325,-7.00000014901161,-18.800050800102));
#2900=CARTESIAN_POINT('',(-31.0000004172325,-10.0000001490116,-18.800050800102));
#2901=CARTESIAN_POINT('Origin',(-31.0000004172325,9.00000017881393,-18.800050800102));
#2902=CARTESIAN_POINT('',(-31.0000004172325,12.0000001788139,-18.800050800102));
#2903=CARTESIAN_POINT('Origin',(38.35,-7.45435613182366,-18.800050800102));
#2904=CARTESIAN_POINT('Origin',(38.35,-7.45435613182366,-18.800050800102));
#2905=CARTESIAN_POINT('Origin',(-1.20236998468437E-14,0.,-18.800050800102));
#2906=CARTESIAN_POINT('',(35.35,-40.8395205282626,-18.800050800102));
#2907=CARTESIAN_POINT('',(35.35,-2.5000000372529,-18.800050800102));
#2908=CARTESIAN_POINT('',(40.85,-35.,-18.800050800102));
#2909=CARTESIAN_POINT('Origin',(35.,-35.,-18.800050800102));
#2910=CARTESIAN_POINT('',(40.85,35.,-18.800050800102));
#2911=CARTESIAN_POINT('',(40.85,-35.,-18.800050800102));
#2912=CARTESIAN_POINT('',(35.,40.85,-18.800050800102));
#2913=CARTESIAN_POINT('Origin',(35.,35.,-18.800050800102));
#2914=CARTESIAN_POINT('',(33.0000004917383,40.85,-18.800050800102));
#2915=CARTESIAN_POINT('',(35.,40.85,-18.800050800102));
#2916=CARTESIAN_POINT('',(33.0000004917383,27.9981250671714,-18.800050800102));
#2917=CARTESIAN_POINT('',(33.0000004917383,20.425,-18.800050800102));
#2918=CARTESIAN_POINT('',(35.9250002458692,24.9990627198502,-18.800050800102));
#2919=CARTESIAN_POINT('Origin',(36.0000004917383,27.9981250671714,-18.800050800102));
#2920=CARTESIAN_POINT('Origin',(35.85,22.000000372529,-18.800050800102));
#2921=CARTESIAN_POINT('Origin',(36.0000004917383,27.9981250671714,-18.800050800102));
#2922=CARTESIAN_POINT('',(35.9250002458692,24.9990627198502,-18.800050800102));
#2923=CARTESIAN_POINT('',(33.0000004917383,27.9981250671714,-18.800050800102));
#2924=CARTESIAN_POINT('Origin',(33.0000004917383,40.85,-18.800050800102));
#2925=CARTESIAN_POINT('',(33.0000004917383,40.85,-36.300050800102));
#2926=CARTESIAN_POINT('',(33.0000004917383,40.85,-18.800050800102));
#2927=CARTESIAN_POINT('',(33.0000004917383,28.000000372529,-36.300050800102));
#2928=CARTESIAN_POINT('',(33.0000004917383,40.85,-36.300050800102));
#2929=CARTESIAN_POINT('',(33.0000004917383,28.000000372529,-18.800050800102));
#2930=CARTESIAN_POINT('Origin',(35.85,22.000000372529,-18.800050800102));
#2931=CARTESIAN_POINT('Origin',(-2.00000002980232,28.0000004172325,-18.800050800102));
#2932=CARTESIAN_POINT('Origin',(0.999999970197685,24.0000003129244,-18.800050800102));
#2933=CARTESIAN_POINT('',(0.999999970197689,21.0000003129244,-36.300050800102));
#2934=CARTESIAN_POINT('Origin',(0.999999970197689,24.0000003129244,-36.300050800102));
#2935=CARTESIAN_POINT('',(0.999999970197685,21.0000003129244,-18.800050800102));
#2936=CARTESIAN_POINT('Origin',(15.500000230968,30.9250001564622,-36.300050800102));
#2937=CARTESIAN_POINT('',(16.0000002384186,21.0000003129244,-36.300050800102));
#2938=CARTESIAN_POINT('Origin',(30.0000004917383,28.000000372529,-36.300050800102));
#2939=CARTESIAN_POINT('',(-9.74999988451599,40.85,-36.300050800102));
#2940=CARTESIAN_POINT('Origin',(30.0000004917383,28.000000372529,-18.800050800102));
#2941=CARTESIAN_POINT('Origin',(5.42499979138375,-15.4249999254942,-30.800050800102));
#2942=CARTESIAN_POINT('',(20.2124998956919,-40.85,-30.800050800102));
#2943=CARTESIAN_POINT('Origin',(-35.0000005662441,15.0000001788139,-18.800050800102));
#2944=CARTESIAN_POINT('',(-38.0000005662441,15.0000001788139,-18.800050800102));
#2945=CARTESIAN_POINT('',(-35.0000005662441,12.0000001788139,-18.800050800102));
#2946=CARTESIAN_POINT('Origin',(-28.0000004172325,12.0000001788139,-18.800050800102));
#2947=CARTESIAN_POINT('Origin',(-38.0000005662441,12.0000001788139,-18.800050800102));
#2948=CARTESIAN_POINT('Origin',(35.,-35.,-18.800050800102));
#2949=CARTESIAN_POINT('',(35.35,-40.8395205282626,-18.800050800102));
#2950=CARTESIAN_POINT('',(35.,-40.85,-33.9259741058212));
#2951=CARTESIAN_POINT('',(35.,-40.85,-18.800050800102));
#2952=CARTESIAN_POINT('',(40.85,-35.,-34.5408338821254));
#2953=CARTESIAN_POINT('Origin',(35.,-35.,-34.5408338821254));
#2954=CARTESIAN_POINT('',(40.85,-35.,-18.800050800102));
#2955=CARTESIAN_POINT('Origin',(35.,-40.85,-18.800050800102));
#2956=CARTESIAN_POINT('',(-35.,-40.85,-33.9259741058212));
#2957=CARTESIAN_POINT('',(-35.,-40.85,-18.800050800102));
#2958=CARTESIAN_POINT('',(17.5,-40.85,-33.9259741058212));
#2959=CARTESIAN_POINT('Origin',(16.0000002384186,21.0000003129244,-18.800050800102));
#2960=CARTESIAN_POINT('Origin',(-35.,40.85,-18.800050800102));
#2961=CARTESIAN_POINT('',(35.,40.85,-42.512990127027));
#2962=CARTESIAN_POINT('',(35.,40.85,-18.800050800102));
#2963=CARTESIAN_POINT('',(-35.,40.85,-42.512990127027));
#2964=CARTESIAN_POINT('',(-17.5,40.85,-42.512990127027));
#2965=CARTESIAN_POINT('',(-35.,40.85,-18.800050800102));
#2966=CARTESIAN_POINT('Origin',(-36.0000005364418,-40.7638961585993,-18.800050800102));
#2967=CARTESIAN_POINT('',(-36.0000005364418,-40.7638961585993,-18.800050800102));
#2968=CARTESIAN_POINT('',(-36.0000005364418,-20.3819480792997,-18.800050800102));
#2969=CARTESIAN_POINT('',(-36.0000005364418,-40.7638961585993,-18.800050800102));
#2970=CARTESIAN_POINT('Origin',(35.35,-5.00000007450581,-18.800050800102));
#2971=CARTESIAN_POINT('Origin',(-40.85,-10.0000001490116,-18.800050800102));
#2972=CARTESIAN_POINT('',(-40.85,-10.0000001490116,-18.800050800102));
#2973=CARTESIAN_POINT('Origin',(-35.,-35.,-18.800050800102));
#2974=CARTESIAN_POINT('',(-40.85,-35.,-18.800050800102));
#2975=CARTESIAN_POINT('Origin',(-35.,-35.,-18.800050800102));
#2976=CARTESIAN_POINT('',(-40.85,-35.,-34.5408338821254));
#2977=CARTESIAN_POINT('',(-40.85,-35.,-18.800050800102));
#2978=CARTESIAN_POINT('Origin',(-35.,-35.,-34.5408338821254));
#2979=CARTESIAN_POINT('Origin',(-1.20236998468437E-14,0.,-18.800050800102));
#2980=CARTESIAN_POINT('',(-40.85,35.,-18.800050800102));
#2981=CARTESIAN_POINT('Origin',(40.85,35.,-18.800050800102));
#2982=CARTESIAN_POINT('',(40.85,35.,-41.8981303507228));
#2983=CARTESIAN_POINT('',(40.85,16.3035975993094,-39.9330592741788));
#2984=CARTESIAN_POINT('',(40.85,35.,-18.800050800102));
#2985=CARTESIAN_POINT('Origin',(-40.85,-35.,-18.800050800102));
#2986=CARTESIAN_POINT('',(-40.85,35.,-41.8981303507228));
#2987=CARTESIAN_POINT('',(-40.85,35.,-18.800050800102));
#2988=CARTESIAN_POINT('',(-40.85,-18.3139854135322,-36.294604684868));
#2989=CARTESIAN_POINT('Origin',(-35.,35.,-18.800050800102));
#2990=CARTESIAN_POINT('Origin',(-35.,35.,-41.8981303507228));
#2991=CARTESIAN_POINT('Origin',(35.,35.,-18.800050800102));
#2992=CARTESIAN_POINT('Origin',(35.,35.,-41.8981303507228));
#2993=CARTESIAN_POINT('Origin',(4.44089209850063E-15,0.00837558562521738,
-38.2203624259461));
#2994=CARTESIAN_POINT('',(0.,0.,0.));
#2995=CARTESIAN_POINT('Origin',(0.,0.,0.));
#2996=UNCERTAINTY_MEASURE_WITH_UNIT(LENGTH_MEASURE(0.01),#3002,
'DISTANCE_ACCURACY_VALUE',
'Maximum model space distance between geometric entities at asserted c
onnectivities');
#2997=UNCERTAINTY_MEASURE_WITH_UNIT(LENGTH_MEASURE(0.01),#3002,
'DISTANCE_ACCURACY_VALUE',
'Maximum model space distance between geometric entities at asserted c
onnectivities');
#2998=UNCERTAINTY_MEASURE_WITH_UNIT(LENGTH_MEASURE(0.01),#3002,
'DISTANCE_ACCURACY_VALUE',
'Maximum model space distance between geometric entities at asserted c
onnectivities');
#2999=(
GEOMETRIC_REPRESENTATION_CONTEXT(3)
GLOBAL_UNCERTAINTY_ASSIGNED_CONTEXT((#2996))
GLOBAL_UNIT_ASSIGNED_CONTEXT((#3002,#3004,#3005))
REPRESENTATION_CONTEXT('','3D')
);
#3000=(
GEOMETRIC_REPRESENTATION_CONTEXT(3)
GLOBAL_UNCERTAINTY_ASSIGNED_CONTEXT((#2997))
GLOBAL_UNIT_ASSIGNED_CONTEXT((#3002,#3004,#3005))
REPRESENTATION_CONTEXT('','3D')
);
#3001=(
GEOMETRIC_REPRESENTATION_CONTEXT(3)
GLOBAL_UNCERTAINTY_ASSIGNED_CONTEXT((#2998))
GLOBAL_UNIT_ASSIGNED_CONTEXT((#3002,#3004,#3005))
REPRESENTATION_CONTEXT('','3D')
);
#3002=(
LENGTH_UNIT()
NAMED_UNIT(*)
SI_UNIT(.MILLI.,.METRE.)
);
#3003=(
LENGTH_UNIT()
NAMED_UNIT(*)
SI_UNIT($,.METRE.)
);
#3004=(
NAMED_UNIT(*)
PLANE_ANGLE_UNIT()
SI_UNIT($,.RADIAN.)
);
#3005=(
NAMED_UNIT(*)
SI_UNIT($,.STERADIAN.)
SOLID_ANGLE_UNIT()
);
#3006=SHAPE_DEFINITION_REPRESENTATION(#3008,#3011);
#3007=SHAPE_DEFINITION_REPRESENTATION(#3009,#3012);
#3008=PRODUCT_DEFINITION_SHAPE('',$,#3014);
#3009=PRODUCT_DEFINITION_SHAPE('',$,#3015);
#3010=PRODUCT_DEFINITION_SHAPE($,$,#17);
#3011=SHAPE_REPRESENTATION('',(#1743,#1940),#2999);
#3012=SHAPE_REPRESENTATION('',(#1744),#3000);
#3013=PRODUCT_DEFINITION_CONTEXT('part definition',#3021,'design');
#3014=PRODUCT_DEFINITION('\X2\65B95F625E955EA765CB94AE\X0\',
'\X2\65B95F625E955EA765CB94AE\X0\ v233',#3016,#3013);
#3015=PRODUCT_DEFINITION('\X2\5B9E5FC35E955EA7\X0\','\X2\5B9E5FC35E955EA7\X0\',
#3017,#3013);
#3016=PRODUCT_DEFINITION_FORMATION('',$,#3023);
#3017=PRODUCT_DEFINITION_FORMATION('',$,#3024);
#3018=PRODUCT_RELATED_PRODUCT_CATEGORY('\X2\65B95F625E955EA765CB94AE\X0\ 
v233','\X2\65B95F625E955EA765CB94AE\X0\ v233',(#3023));
#3019=PRODUCT_RELATED_PRODUCT_CATEGORY('\X2\5B9E5FC35E955EA7\X0\',
'\X2\5B9E5FC35E955EA7\X0\',(#3024));
#3020=APPLICATION_PROTOCOL_DEFINITION('international standard',
'automotive_design',2009,#3021);
#3021=APPLICATION_CONTEXT(
'Core Data for Automotive Mechanical Design Process');
#3022=PRODUCT_CONTEXT('part definition',#3021,'mechanical');
#3023=PRODUCT('\X2\65B95F625E955EA765CB94AE\X0\',
'\X2\65B95F625E955EA765CB94AE\X0\ v233',$,(#3022));
#3024=PRODUCT('\X2\5B9E5FC35E955EA7\X0\','\X2\5B9E5FC35E955EA7\X0\',$,(#3022));
#3025=PRESENTATION_STYLE_ASSIGNMENT((#3041));
#3026=PRESENTATION_STYLE_ASSIGNMENT((#3042));
#3027=PRESENTATION_STYLE_ASSIGNMENT((#3043));
#3028=PRESENTATION_STYLE_ASSIGNMENT((#3044));
#3029=PRESENTATION_STYLE_ASSIGNMENT((#3045));
#3030=PRESENTATION_STYLE_ASSIGNMENT((#3046));
#3031=PRESENTATION_STYLE_ASSIGNMENT((#3047));
#3032=PRESENTATION_STYLE_ASSIGNMENT((#3048));
#3033=PRESENTATION_STYLE_ASSIGNMENT((#3049));
#3034=PRESENTATION_STYLE_ASSIGNMENT((#3050));
#3035=PRESENTATION_STYLE_ASSIGNMENT((#3051));
#3036=PRESENTATION_STYLE_ASSIGNMENT((#3052));
#3037=PRESENTATION_STYLE_ASSIGNMENT((#3053));
#3038=PRESENTATION_STYLE_ASSIGNMENT((#3054));
#3039=PRESENTATION_STYLE_ASSIGNMENT((#3055));
#3040=PRESENTATION_STYLE_ASSIGNMENT((NULL_STYLE(.NULL.)));
#3041=SURFACE_STYLE_USAGE(.BOTH.,#3056);
#3042=SURFACE_STYLE_USAGE(.BOTH.,#3057);
#3043=SURFACE_STYLE_USAGE(.BOTH.,#3058);
#3044=SURFACE_STYLE_USAGE(.BOTH.,#3059);
#3045=SURFACE_STYLE_USAGE(.BOTH.,#3060);
#3046=SURFACE_STYLE_USAGE(.BOTH.,#3061);
#3047=SURFACE_STYLE_USAGE(.BOTH.,#3062);
#3048=SURFACE_STYLE_USAGE(.BOTH.,#3063);
#3049=SURFACE_STYLE_USAGE(.BOTH.,#3064);
#3050=SURFACE_STYLE_USAGE(.BOTH.,#3065);
#3051=SURFACE_STYLE_USAGE(.BOTH.,#3066);
#3052=SURFACE_STYLE_USAGE(.BOTH.,#3067);
#3053=SURFACE_STYLE_USAGE(.BOTH.,#3068);
#3054=SURFACE_STYLE_USAGE(.BOTH.,#3069);
#3055=SURFACE_STYLE_USAGE(.BOTH.,#3070);
#3056=SURFACE_SIDE_STYLE('',(#3071));
#3057=SURFACE_SIDE_STYLE('',(#3072));
#3058=SURFACE_SIDE_STYLE('',(#3073));
#3059=SURFACE_SIDE_STYLE('',(#3074));
#3060=SURFACE_SIDE_STYLE('',(#3075));
#3061=SURFACE_SIDE_STYLE('',(#3076));
#3062=SURFACE_SIDE_STYLE('',(#3077));
#3063=SURFACE_SIDE_STYLE('',(#3078));
#3064=SURFACE_SIDE_STYLE('',(#3079));
#3065=SURFACE_SIDE_STYLE('',(#3080));
#3066=SURFACE_SIDE_STYLE('',(#3081));
#3067=SURFACE_SIDE_STYLE('',(#3082));
#3068=SURFACE_SIDE_STYLE('',(#3083));
#3069=SURFACE_SIDE_STYLE('',(#3084));
#3070=SURFACE_SIDE_STYLE('',(#3085));
#3071=SURFACE_STYLE_FILL_AREA(#3086);
#3072=SURFACE_STYLE_FILL_AREA(#3087);
#3073=SURFACE_STYLE_FILL_AREA(#3088);
#3074=SURFACE_STYLE_FILL_AREA(#3089);
#3075=SURFACE_STYLE_FILL_AREA(#3090);
#3076=SURFACE_STYLE_FILL_AREA(#3091);
#3077=SURFACE_STYLE_FILL_AREA(#3092);
#3078=SURFACE_STYLE_FILL_AREA(#3093);
#3079=SURFACE_STYLE_FILL_AREA(#3094);
#3080=SURFACE_STYLE_FILL_AREA(#3095);
#3081=SURFACE_STYLE_FILL_AREA(#3096);
#3082=SURFACE_STYLE_FILL_AREA(#3097);
#3083=SURFACE_STYLE_FILL_AREA(#3098);
#3084=SURFACE_STYLE_FILL_AREA(#3099);
#3085=SURFACE_STYLE_FILL_AREA(#3100);
#3086=FILL_AREA_STYLE('Opaque(255,255,255)',(#3101));
#3087=FILL_AREA_STYLE('\X2\94A2\X0\ - \X2\7F0E5149\X0\',(#3102));
#3088=FILL_AREA_STYLE('\X2\805A91704E9A80FA\X0\(Kapton)',(#3103));
#3089=FILL_AREA_STYLE('LED - SMD 5050 - 20lm (\X2\767D8272\X0\)',(#3104));
#3090=FILL_AREA_STYLE('LED - SMD 5050 - 20lm (\X2\767D8272\X0\)',(#3105));
#3091=FILL_AREA_STYLE('LED - SMD 5050 - 20lm (\X2\767D8272\X0\)',(#3106));
#3092=FILL_AREA_STYLE('Opaque(63,63,63)',(#3107));
#3093=FILL_AREA_STYLE('\X2\9EC494DC\X0\ - \X2\629B5149\X0\',(#3108));
#3094=FILL_AREA_STYLE('\X2\94DD\X0\ - \X2\96336781753595407C977CD9\X0\ 
(\X2\70708272\X0\)',(#3109));
#3095=FILL_AREA_STYLE('\X2\94DD\X0\ - \X2\96336781753595407C977CD9\X0\ 
(\X2\7EA28272\X0\)',(#3110));
#3096=FILL_AREA_STYLE('\X2\94DD\X0\ - \X2\96336781753595407C977CD9\X0\ 
(\X2\70708272\X0\)',(#3111));
#3097=FILL_AREA_STYLE('\X2\94DD\X0\ - \X2\96336781753595407C977CD9\X0\ 
(\X2\70708272\X0\)',(#3112));
#3098=FILL_AREA_STYLE('LED - SMD 3528 - 8lm(\X2\767D8272\X0\)',(#3113));
#3099=FILL_AREA_STYLE('LED - SMD 5050 - 20lm (\X2\767D8272\X0\)',(#3114));
#3100=FILL_AREA_STYLE('LED - SMD 5050 - 20lm (\X2\767D8272\X0\)',(#3115));
#3101=FILL_AREA_STYLE_COLOUR('Opaque(255,255,255)',#3116);
#3102=FILL_AREA_STYLE_COLOUR('\X2\94A2\X0\ - \X2\7F0E5149\X0\',#3117);
#3103=FILL_AREA_STYLE_COLOUR('\X2\805A91704E9A80FA\X0\(Kapton)',#3118);
#3104=FILL_AREA_STYLE_COLOUR('LED - SMD 5050 - 20lm (\X2\767D8272\X0\)',
#3119);
#3105=FILL_AREA_STYLE_COLOUR('LED - SMD 5050 - 20lm (\X2\767D8272\X0\)',
#3120);
#3106=FILL_AREA_STYLE_COLOUR('LED - SMD 5050 - 20lm (\X2\767D8272\X0\)',
#3121);
#3107=FILL_AREA_STYLE_COLOUR('Opaque(63,63,63)',#3122);
#3108=FILL_AREA_STYLE_COLOUR('\X2\9EC494DC\X0\ - \X2\629B5149\X0\',#3123);
#3109=FILL_AREA_STYLE_COLOUR('\X2\94DD\X0\ - \X2\96336781753595407C977CD9\X0\ 
(\X2\70708272\X0\)',#3124);
#3110=FILL_AREA_STYLE_COLOUR('\X2\94DD\X0\ - \X2\96336781753595407C977CD9\X0\ 
(\X2\7EA28272\X0\)',#3125);
#3111=FILL_AREA_STYLE_COLOUR('\X2\94DD\X0\ - \X2\96336781753595407C977CD9\X0\ 
(\X2\70708272\X0\)',#3126);
#3112=FILL_AREA_STYLE_COLOUR('\X2\94DD\X0\ - \X2\96336781753595407C977CD9\X0\ 
(\X2\70708272\X0\)',#3127);
#3113=FILL_AREA_STYLE_COLOUR('LED - SMD 3528 - 8lm(\X2\767D8272\X0\)',#3128);
#3114=FILL_AREA_STYLE_COLOUR('LED - SMD 5050 - 20lm (\X2\767D8272\X0\)',
#3129);
#3115=FILL_AREA_STYLE_COLOUR('LED - SMD 5050 - 20lm (\X2\767D8272\X0\)',
#3130);
#3116=COLOUR_RGB('Opaque(255,255,255)',1.,1.,1.);
#3117=COLOUR_RGB('\X2\94A2\X0\ - \X2\7F0E5149\X0\',0.627450980392157,0.627450980392157,
0.627450980392157);
#3118=COLOUR_RGB('\X2\805A91704E9A80FA\X0\(Kapton)',0.784313725490196,0.556862745098039,
0.0274509803921569);
#3119=COLOUR_RGB('LED - SMD 5050 - 20lm (\X2\767D8272\X0\)',0.,1.,1.);
#3120=COLOUR_RGB('LED - SMD 5050 - 20lm (\X2\767D8272\X0\)',0.831372549019608,
0.0431372549019608,0.);
#3121=COLOUR_RGB('LED - SMD 5050 - 20lm (\X2\767D8272\X0\)',1.,0.501960784313725,
1.);
#3122=COLOUR_RGB('Opaque(63,63,63)',0.250980392156863,0.250980392156863,
0.250980392156863);
#3123=COLOUR_RGB('\X2\9EC494DC\X0\ - \X2\629B5149\X0\',0.952941176470588,
0.796078431372549,0.486274509803922);
#3124=COLOUR_RGB('\X2\94DD\X0\ - \X2\96336781753595407C977CD9\X0\ (\X2\70708272\X0\)',
0.352941176470588,0.352941176470588,0.352941176470588);
#3125=COLOUR_RGB('\X2\94DD\X0\ - \X2\96336781753595407C977CD9\X0\ (\X2\7EA28272\X0\)',
0.854901960784314,0.349019607843137,0.349019607843137);
#3126=COLOUR_RGB('\X2\94DD\X0\ - \X2\96336781753595407C977CD9\X0\ (\X2\70708272\X0\)',
0.537254901960784,0.537254901960784,0.537254901960784);
#3127=COLOUR_RGB('\X2\94DD\X0\ - \X2\96336781753595407C977CD9\X0\ (\X2\70708272\X0\)',
0.333333333333333,0.333333333333333,0.333333333333333);
#3128=COLOUR_RGB('LED - SMD 3528 - 8lm(\X2\767D8272\X0\)',1.,0.501960784313725,
0.);
#3129=COLOUR_RGB('LED - SMD 5050 - 20lm (\X2\767D8272\X0\)',0.,1.,0.);
#3130=COLOUR_RGB('LED - SMD 5050 - 20lm (\X2\767D8272\X0\)',0.,0.,1.);
ENDSEC;
END-ISO-10303-21;
